id,w2_brokeup,w1_age,w1_p_age,w1_yrsed,w1_p_yrsed,w1_q21b_year,w1_polparty,w1_p_polparty,w1_fam_seen_monthly,w1_hh_income,w1_cohab,w1_married,w1_race,w1_interracial,w1_rel_qual,w1_sex_frequency,w2_nonshelter,w2_shelter_combo_months,w2_myhealth,w2_parthealth
1,1,48,46,12,14,2013,6,1,7,13,1,1,3,1,1,3,-1,0.25,2,2
2,0,68,71,13,13,1964,3,3,7,12,1,1,1,0,1,5,1,0,2,2
3,0,39,49,14,13,1999,7,7,5,15,1,1,1,0,1,3,1,0,2,2
4,0,54,59,12,17,1990,2,4,3,16,1,1,1,1,1,4,1,0,2,2
5,0,59,52,13,16,1993,2,2,0,15,1,1,1,0,1,5,-1,0.75,2,2
6,0,55,55,12,13,1983,1,1,0,12,1,1,2,0,2,3,1,0,2,2
7,0,73,79,12,12,1993,3,6,0,11,1,1,1,1,1,5,-1,3,2,2
8,0,46,46,14,13,1996,2,2,0,14,1,1,1,0,2,5,1,0,2,2
9,0,43,37,14,12,2001,6,4,0,8,1,1,3,0,3,5,1,0,2,2
10,0,57,63,13,12,2014,7,3,2,9,2,0,1,0,2,2,-1,0.75,2,2
11,0,54,61,12,13,1987,7,7,0,11,1,1,2,0,2,5,-1,6,2,2
12,0,61,62,13,16,1988,5,5,5,15,1,1,4,0,2,5,1,0,2,2
13,0,59,50,14,13,1990,2,7,0,15,1,1,1,0,2,5,1,0,2,2
14,0,59,58,12,16,1981,6,4,2,13,1,1,1,0,1,-1,1,0,2,2
15,0,81,83,13,13,1954,2,1,0,12,1,1,1,0,1,5,-1,5,2,2
16,0,43,46,16,16,1993,1,4,0,17,1,1,1,0,2,5,-1,0.75,1,2
17,0,70,70,13,16,1970,5,4,6,10,1,1,1,0,1,5,3,0,2,NA
18,0,80,77,12,12,2007,3,1,5,16,2,1,1,0,1,5,2,0,2,NA
19,0,53,51,17,16,1999,6,3,0,13,1,1,1,0,2,5,-1,4,2,2
20,0,51,51,16,14,NA,1,1,1,16,1,1,1,0,1,4,-1,5,2,2
21,0,46,47,20,17,2015,7,3,4,15,2,0,1,0,2,4,-1,3,2,2
22,0,40,42,17,16,1999,1,1,0,17,1,1,1,0,3,3,2,0,2,2
23,0,56,69,12,14,1981,7,7,NA,11,1,0,1,0,2,5,-1,NA,1,1
24,0,61,56,12,12,1988,6,2,0,16,1,1,1,0,1,5,-1,2,2,2
25,0,64,56,16,13,1991,2,1,0,21,1,1,1,0,1,5,1,0,2,2
26,1,50,46,20,16,2014,2,4,7,21,1,1,1,0,5,5,-1,2,2,2
27,0,39,46,14,13,2011,5,4,3,18,1,1,1,1,1,5,-1,0.75,2,2
28,0,36,32,17,13,2011,3,3,1,16,1,1,1,0,1,3,-1,0.25,2,2
29,0,43,44,12,13,1997,6,5,0,18,1,1,1,1,2,5,-1,6,2,2
30,0,67,72,13,13,1964,3,5,0,14,1,1,1,0,1,5,-1,4,2,2
31,0,59,58,12,13,1978,1,1,20,13,1,1,1,0,1,4,-1,NA,NA,NA
32,0,68,71,12,12,1968,3,1,4,14,1,1,1,0,1,5,-1,7,2,2
33,0,55,64,17,13,2011,3,4,0,17,1,1,1,0,1,3,2,0,2,2
34,0,46,30,17,20,1998,5,4,0,21,1,0,4,1,1,2,1,0,2,2
35,0,61,64,12,13,1980,7,7,2,14,1,1,1,0,2,5,-1,7,2,2
36,0,65,59,12,12,NA,3,2,1,13,1,1,1,0,1,4,3,0,2,2
37,0,38,52,16,16,2004,5,4,1,16,1,1,1,0,2,4,1,0,2,2
38,0,61,58,20,17,1982,7,7,2,18,1,1,1,0,1,3,-1,4,2,2
39,0,66,70,16,20,1972,5,1,1,14,1,1,1,0,1,3,2,0,2,2
40,0,35,33,13,12,2002,6,7,2,14,1,1,1,0,1,3,1,0,2,2
41,0,64,64,16,14,1977,3,3,2,13,1,1,3,1,3,-1,-1,2,1,1
42,1,26,28,14,12,2008,4,4,2,11,2,1,1,0,5,4,-1,6,2,2
43,0,60,60,14,16,1974,4,4,2,18,1,1,1,0,1,3,2,0,2,2
44,0,59,56,16,16,1985,7,5,0,19,1,1,4,1,1,5,2,0,2,2
45,0,71,61,17,20,1979,7,4,1,16,1,1,1,0,2,5,-1,6,2,2
46,0,56,64,16,16,2006,6,1,0,17,1,1,1,0,1,3,-1,5,2,NA
47,0,57,60,12,12,1978,1,1,0,8,1,1,1,0,1,4,1,0,2,2
48,0,34,43,16,16,2009,2,4,5,18,1,1,1,0,1,5,-1,2,2,2
49,0,58,56,12,14,1987,7,2,0,17,1,1,1,0,2,5,3,0,2,2
50,0,73,75,12,13,1959,6,4,0,16,1,1,1,0,1,3,-1,2,2,2
51,0,72,74,13,13,1965,5,4,17,11,2,0,1,0,1,5,-1,6,2,NA
52,0,29,31,16,16,2012,7,7,6,14,1,1,1,0,1,4,-1,7,2,2
53,0,65,80,13,14,1980,5,4,0,12,1,1,1,0,1,-1,-1,7,2,2
54,0,64,58,17,20,1978,5,7,2,17,1,1,1,0,1,5,3,0,2,2
55,0,74,78,14,16,1984,3,4,0,13,1,1,1,0,1,5,2,0,1,2
56,0,59,65,20,17,NA,5,5,3,16,1,1,2,1,1,-1,-1,0.75,2,2
57,0,36,29,12,16,2015,7,7,2,8,1,0,4,1,3,4,-1,3,2,2
58,0,50,46,13,13,1989,3,5,8,18,1,1,1,0,2,3,-1,0.25,1,2
59,0,53,56,14,12,2016,4,4,5,12,1,0,1,0,2,3,-1,6,2,2
60,0,41,40,16,16,1997,2,3,3,21,1,1,1,0,2,5,1,0,2,2
61,0,60,56,17,13,1979,1,1,2,17,1,1,1,0,1,5,-1,2,2,2
62,0,60,64,16,12,1985,3,5,1,17,1,1,4,1,2,4,-1,7,2,2
63,0,64,67,12,11,1997,7,7,6,14,1,1,2,0,2,-1,-1,0,2,2
64,0,79,76,12,13,1958,3,4,3,12,1,1,1,0,1,-1,-1,0.75,2,2
65,0,64,50,20,17,1995,6,5,0,18,1,1,1,0,2,5,1,0,2,2
66,0,51,49,12,12,1983,2,4,3,16,1,1,1,0,1,2,1,0,1,2
67,0,58,56,12,12,1976,1,1,0,7,1,1,1,0,2,4,-1,0.25,2,2
68,1,28,23,16,16,2016,3,4,0,16,2,0,1,0,2,-1,-1,6,2,2
69,0,27,27,16,16,2007,6,5,11,13,1,0,1,0,1,2,1,0,2,2
70,0,28,28,14,16,2009,5,4,2,12,2,0,4,0,2,4,-1,3,2,1
71,0,53,52,13,16,1985,1,3,2,16,1,1,3,1,1,4,-1,0.75,2,2
72,0,43,41,17,16,1997,5,3,10,17,1,1,1,0,1,3,-1,7,1,2
73,0,50,57,12,12,2008,5,6,20,7,1,1,1,0,1,2,1,0,2,2
74,0,50,46,17,17,1993,7,5,0,18,1,1,1,0,1,4,-1,3,2,NA
75,0,25,25,16,16,2013,7,7,0,18,2,0,1,0,3,4,-1,0.75,2,1
76,0,25,26,13,14,2007,7,5,1,15,1,0,2,0,1,3,1,0,2,2
77,1,20,21,13,13,2014,5,5,3,18,2,0,1,1,1,4,1,0,2,2
78,0,66,72,16,13,1974,7,7,1,13,1,1,2,0,2,-1,-1,6,2,NA
79,0,66,68,14,20,1968,7,7,6,14,1,1,1,0,1,5,2,0,2,2
80,0,40,50,12,13,2013,5,4,8,15,1,1,1,0,1,3,2,0,2,2
81,0,74,76,16,17,1989,3,4,3,17,1,1,1,0,1,3,-1,7,2,2
82,0,67,67,12,17,1969,2,4,0,15,1,1,1,0,2,5,-1,5,2,2
83,0,27,29,16,13,2015,2,4,0,17,1,1,1,0,1,3,-1,0.25,1,2
84,0,80,82,17,20,1982,5,7,0,18,2,0,2,0,2,5,-1,6,2,NA
85,0,62,69,14,13,1973,3,4,4,8,1,1,1,0,2,3,-1,7,2,2
86,0,51,36,14,14,2004,5,1,1,19,1,1,1,0,1,5,-1,6,2,2
87,0,63,65,12,13,2002,5,3,0,11,1,1,1,0,1,5,-1,3,2,2
88,0,41,40,16,16,1995,1,4,0,21,1,1,1,0,1,3,2,0,2,2
89,0,78,84,12,14,2003,2,2,2,7,2,0,1,0,2,4,-1,5,2,2
90,0,60,67,14,16,1982,6,7,0,14,1,1,1,0,2,5,3,0,2,2
91,0,73,72,16,13,1962,1,1,6,16,1,1,1,0,1,5,-1,0.75,2,2
92,0,63,58,10,9,1972,1,1,4,9,1,1,1,0,1,2,2,0,2,2
93,0,60,61,12,16,1980,2,2,1,20,1,1,1,0,1,5,-1,6,2,2
94,0,58,53,14,13,1985,3,4,2,14,1,1,2,0,1,4,-1,0.75,2,2
95,0,53,55,13,12,1989,5,6,0,13,1,1,1,0,3,5,-1,4,2,2
96,0,68,70,16,14,1964,1,1,7,16,1,1,4,1,2,5,-1,0.75,2,2
97,0,57,32,20,13,2011,4,4,0,16,1,1,1,1,1,3,-1,0.75,2,1
98,0,53,57,17,16,1987,5,3,2,16,1,1,1,0,1,5,-1,6,2,2
99,0,48,46,16,17,1990,2,4,15,19,1,1,1,0,1,5,-1,6,2,2
100,0,55,75,16,13,1987,1,1,0,14,1,1,1,0,1,5,-1,4,2,2
101,0,55,53,14,12,1992,2,3,3,16,1,1,1,0,2,3,-1,0.75,2,2
102,0,61,61,12,14,2000,3,1,5,10,2,0,1,0,2,5,1,0,2,2
103,0,48,47,17,16,2014,2,5,0,19,1,0,1,0,1,3,-1,6,2,2
104,0,72,78,12,12,1965,7,5,3,10,1,1,2,0,2,4,-1,3,2,2
105,0,41,39,13,16,2003,1,1,2,16,1,1,1,0,1,4,1,0,2,1
106,0,76,73,12,13,1962,5,3,0,12,1,1,1,0,1,5,2,0,2,2
107,1,70,70,16,16,1967,7,6,0,12,2,1,1,0,3,5,1,0,2,2
108,0,72,76,17,20,1966,5,4,0,19,1,1,1,0,1,5,-1,6,2,2
109,0,49,55,12,12,NA,7,4,10,10,1,1,2,0,2,3,-1,4,2,2
110,0,68,78,12,14,1988,1,3,0,12,1,1,1,0,1,5,2,0,2,2
111,0,47,46,14,14,1991,6,5,7,16,1,1,5,1,2,5,-1,0.25,2,2
112,0,58,61,12,12,1974,7,7,13,15,1,1,1,0,1,3,-1,2,2,2
113,0,39,43,17,17,2013,3,6,6,16,1,1,2,0,1,2,-1,0.75,2,2
114,0,52,45,16,20,2007,2,1,0,21,1,1,1,0,1,3,-1,2,1,2
115,0,72,71,13,13,1963,3,1,0,4,1,1,1,0,1,-1,-1,7,2,2
116,1,27,25,16,13,2017,6,4,5,14,2,0,2,0,2,3,1,0,2,2
117,0,55,50,12,12,1981,6,5,10,12,1,1,1,0,1,3,2,0,2,2
118,0,55,43,10,14,2012,2,4,1,13,2,0,1,0,2,5,1,0,2,2
119,0,58,53,17,13,1999,7,7,0,16,1,0,1,0,1,5,-1,6,2,2
120,0,66,55,20,14,1987,3,3,5,18,1,1,1,0,1,3,-1,3,2,2
121,0,70,72,10,7.5,1962,5,4,3,6,1,1,1,0,1,5,-1,0.75,1,NA
122,0,27,27,12,12,2007,5,4,10,9,1,0,1,0,1,2,1,0,1,2
123,0,74,75,12,16,1958,3,7,0,15,1,1,4,1,2,5,3,0,2,2
124,0,68,70,17,14,1968,2,3,0,14,1,1,1,0,1,5,2,0,2,2
125,0,25,25,12,16,2015,6,3,6,13,2,0,1,0,1,3,-1,0,2,2
126,0,52,57,16,16,1988,2,1,7,11,1,1,1,0,1,3,1,0,2,2
127,0,27,25,16,12,2014,7,4,2,10,1,0,1,0,2,1,-1,6,2,1
128,0,50,46,17,16,1998,6,6,6,13,1,1,1,0,1,3,-1,4,2,2
129,0,53,55,20,17,2002,6,6,0,20,2,0,4,1,2,5,-1,3,2,2
130,0,53,67,13,10,2006,1,4,2,12,1,1,1,0,1,4,1,0,2,2
131,0,54,52,20,20,1998,5,4,0,18,1,1,1,0,2,5,-1,0.25,2,2
132,0,52,52,13,12,1984,1,1,2,18,1,1,1,0,3,5,3,0,1,1
133,0,39,46,13,16,2001,2,1,3,15,1,1,1,0,3,5,3,0,2,2
134,0,68,65,14,13,2017,5,6,0,17,2,0,3,1,2,5,-1,0.25,2,2
135,0,74,69,13,14,1976,6,3,0,20,1,1,1,0,1,2,-1,6,2,2
136,0,64,63,16,17,1971,3,4,0,19,1,1,1,0,1,3,-1,0.75,2,2
137,0,48,49,14,14,1987,1,4,0,19,1,1,1,0,2,5,-1,0.75,2,2
138,0,60,50,16,12,2009,7,4,1,16,1,0,1,0,1,4,-1,0.75,1,1
139,0,50,63,13,12,2013,6,3,1,11,2,0,1,0,1,3,3,0,2,2
140,0,64,63,12,12,1970,5,3,6,9,1,1,2,0,1,-1,-1,0.75,2,2
141,0,56,57,13,12,1981,2,5,1,16,1,1,1,0,2,5,-1,3,2,2
142,0,52,62,14,12,1991,7,7,1,15,1,1,1,0,1,3,1,0,2,2
143,0,64,62,16,16,1976,3,4,4,12,1,1,1,0,2,5,-1,0.75,2,2
144,0,55,58,12,12,1994,2,3,0,15,1,1,1,0,2,5,3,0,2,2
145,0,40,41,12,16,1995,2,4,0,17,1,1,1,0,NA,5,-1,2,2,2
146,0,21,24,14,14,2015,2,2,8,16,1,1,1,0,1,3,-1,0.25,2,2
147,0,38,53,16,16,2001,1,1,5,19,1,1,1,0,2,5,2,0,2,2
148,0,43,36,17,20,2010,5,5,0,18,1,1,4,0,1,3,-1,6,2,2
149,1,64,62,13,12,1994,7,4,2,10,2,0,2,0,3,3,-1,2,1,2
150,0,39,44,16,17,2002,3,3,7,15,1,1,1,0,1,2,1,0,2,2
151,1,27,26,13,13,2014,7,7,3,11,1,0,1,1,1,3,-1,6,2,2
152,0,62,55,17,17,1990,2,2,0,16,1,1,1,1,3,5,2,0,2,2
153,0,58,59,17,16,1975,3,3,10,15,1,1,1,0,1,5,-1,0.75,2,2
154,0,73,72,17,17,1965,3,1,13,14,1,1,1,0,1,5,-1,6,2,2
155,0,26,22,16,16,2014,1,1,1,16,2,0,1,0,1,-1,1,0,2,2
156,0,54,50,14,16,1991,3,3,2,12,1,1,3,1,1,5,1,0,2,2
157,0,58,56,14,16,1989,6,6,11,17,1,1,4,1,1,3,3,0,2,2
158,0,63,61,12,13,2003,1,1,30,16,1,1,1,0,1,4,-1,1,2,2
159,0,79,78,20,16,1952,5,5,0,16,1,1,1,0,2,2,-1,3,2,2
160,0,54,49,13,13,1988,3,3,0,13,1,1,1,0,1,3,1,0,1,1
161,0,82,76,17,16,1966,7,7,2,18,1,1,1,0,1,4,-1,0.75,1,2
162,0,78,75,12,12,1965,3,3,6,8,1,1,1,0,1,5,-1,4,2,2
163,0,54,49,14,14,1987,1,1,1,21,1,1,1,0,1,-1,1,0,2,2
164,0,61,64,17,16,2004,7,4,4,20,1,1,1,0,1,4,1,0,2,2
165,0,61,60,17,16,1980,7,5,23,19,1,1,1,0,2,3,-1,0.75,2,2
166,0,53,55,11,12,1988,5,5,0,6,1,1,5,1,2,5,-1,2,2,2
167,0,58,52,13,14,1982,5,5,5,17,1,1,1,1,2,5,-1,3,2,2
168,0,65,67,16,16,1969,7,7,6,13,1,1,1,0,2,5,-1,3,2,2
169,0,38,39,16,16,1996,6,4,0,19,1,1,1,0,1,4,-1,6,2,2
170,0,55,54,16,14,1983,6,6,0,20,1,1,1,0,1,4,1,0,2,2
171,0,28,33,13,12,2006,5,4,10,4,1,1,1,0,2,2,-1,0.25,2,2
172,0,82,91,12,12,1968,1,1,0,12,1,1,1,0,1,5,-1,3,2,2
173,0,72,71,13,17,1970,5,3,0,13,1,1,1,0,1,3,-1,0.75,2,2
174,0,52,57,12,12,1985,4,3,2,12,1,1,1,0,2,5,1,0,2,2
175,0,40,37,20,20,1999,7,4,0,16,1,1,1,1,1,3,-1,6,2,2
176,0,71,75,12,12,1966,2,1,1,12,1,1,1,0,2,5,3,0,2,2
177,0,60,62,17,17,1985,7,7,2,17,1,1,1,0,1,5,-1,0.75,2,2
178,0,55,58,12,12,1989,6,4,0,9,1,1,1,1,1,5,-1,5,2,2
179,0,81,73,17,12,1994,6,7,1,18,1,1,1,0,2,5,-1,6,2,2
180,0,69,70,12,5.5,1965,6,7,2,8,1,1,1,0,3,5,-1,7,2,2
181,0,58,63,17,17,1991,5,7,3,19,1,1,1,0,2,5,-1,3,2,2
182,0,45,45,12,12,1989,1,3,9,15,1,1,1,0,1,4,1,0,2,1
183,0,70,59,13,16,1985,3,1,0,14,1,1,1,0,1,5,1,0,2,2
184,0,78,74,14,12,1961,5,5,0,11,1,1,1,0,1,5,3,0,2,2
185,0,78,78,17,13,1959,5,4,0,16,1,1,1,0,1,5,-1,2,2,2
186,0,78,68,12,13,1992,6,6,0,12,1,1,1,0,2,5,-1,6,2,2
187,0,54,55,17,16,1989,4,5,8,16,1,1,1,0,1,4,-1,7,2,2
188,0,75,76,16,13,1964,3,1,0,20,1,1,1,0,1,5,2,0,2,1
189,0,53,51,16,13,1993,4,4,0,14,1,1,1,0,1,3,2,0,2,2
190,0,73,73,12,14,NA,7,4,0,17,1,1,1,0,1,4,-1,7,2,2
191,0,75,84,12,16,1962,2,2,3,11,1,1,1,0,1,5,2,0,2,2
192,0,54,58,12,13,2016,3,5,2,11,2,0,1,0,1,5,-1,7,2,2
193,0,65,62,13,17,NA,5,5,6,16,1,1,1,0,1,4,-1,0.75,2,2
194,0,29,30,14,17,2007,6,6,4,13,1,0,1,0,1,2,-1,0.75,2,2
195,0,66,72,12,13,1983,6,4,1,15,1,1,1,0,1,3,-1,0.75,2,2
196,0,69,68,17,20,1968,7,7,2,21,1,1,1,0,1,3,-1,7,1,2
197,0,92,85,17,13,2009,1,3,1,18,2,0,1,0,2,5,2,0,2,2
198,0,58,61,16,16,2008,7,7,0,16,1,0,1,0,1,3,-1,5,2,1
199,0,56,60,13,13,1977,2,4,4,20,1,1,1,0,1,5,1,0,2,2
200,0,60,74,13,17,NA,1,1,0,20,1,1,4,1,1,3,2,0,2,2
201,0,69,69,16,17,1966,2,1,5,20,1,1,1,0,1,4,2,0,2,2
202,0,56,51,13,13,1997,2,5,2,19,1,1,1,0,1,3,-1,6,2,2
203,0,76,80,14,16,1963,2,2,4,16,1,1,1,0,2,5,-1,0.75,1,2
204,1,47,40,14,16,2015,2,3,4,9,2,0,1,1,2,5,-1,0.75,2,2
205,0,40,45,16,12,2013,5,5,0,12,1,0,1,0,1,3,-1,5,2,2
206,0,56,59,12,12,1983,3,5,12,15,1,1,1,0,2,5,3,0,2,1
207,0,85,83,12,12,NA,2,4,1,8,1,1,1,0,1,-1,2,0,2,2
208,0,57,60,16,17,1989,7,7,1,18,1,1,1,0,1,5,-1,6,2,2
209,0,40,38,16,16,2001,6,7,0,18,1,1,1,0,2,5,1,0,2,2
210,0,64,67,12,7.5,1969,1,2,1,9,1,1,1,0,1,-1,-1,6,2,2
211,0,63,68,12,12,1971,5,4,2,13,1,1,1,0,1,4,-1,5,2,2
212,0,61,59,17,17,1994,3,4,0,15,1,1,1,0,1,4,2,0,2,2
213,0,65,66,17,16,1976,7,7,2,15,2,0,2,0,2,5,-1,5,2,2
214,0,65,59,13,14,1997,7,4,1,16,1,0,1,0,1,5,-1,2,2,2
215,0,56,55,16,14,1987,2,3,0,11,1,1,1,0,2,5,-1,7,2,2
216,0,65,62,12,14,1972,1,1,1,20,1,1,1,0,1,-1,-1,0,2,2
217,0,66,42,17,20,2012,5,7,0,17,2,0,1,0,1,5,-1,6,2,2
218,0,41,54,16,16,2005,1,3,0,18,1,1,3,0,2,3,-1,0.75,1,2
219,0,48,42,14,13,1998,6,3,0,13,1,1,3,1,1,5,-1,0.75,1,2
220,0,54,56,12,12,1998,6,1,8,12,1,1,1,0,1,4,2,0,2,2
221,1,26,27,16,16,2010,3,3,5,12,2,0,1,0,2,3,1,0,2,2
222,0,65,70,12,12,1995,7,7,25,14,1,1,2,0,2,5,-1,0.75,1,2
223,0,52,53,12,12,1993,4,4,2,14,1,1,1,1,1,3,1,0,2,2
224,0,46,45,16,16,2001,7,7,2,15,1,1,1,0,1,3,-1,6,2,2
225,0,32,28,12,12,2008,5,1,3,3,1,0,1,1,1,3,3,0,2,2
226,0,34,33,16,13,2009,6,5,1,12,1,1,3,1,2,3,-1,3,2,1
227,0,85,84,12,12,1947,3,3,2,10,1,1,1,0,1,5,2,0,2,2
228,0,28,30,17,20,2016,6,4,0,9,2,0,3,1,1,2,-1,4,2,2
229,0,70,69,16,14,1982,6,7,0,13,1,1,1,0,1,5,-1,5,1,1
230,0,27,29,17,16,2015,7,5,0,13,1,1,1,0,1,4,-1,2,2,2
231,0,73,50,17,16,1996,5,4,0,16,1,1,4,1,1,5,3,0,2,2
232,0,69,71,12,14,1969,7,7,6,19,1,1,1,0,1,5,-1,6,2,2
233,0,76,72,13,16,1964,7,7,6,15,1,1,1,0,1,5,-1,6,2,2
234,0,70,70,16,16,1968,1,2,0,18,1,1,1,0,1,5,2,0,2,2
235,1,25,31,12,12,2014,5,4,8,4,1,1,1,0,1,3,-1,2,2,NA
236,0,40,42,16,13,1992,3,6,2,18,1,1,1,0,2,4,-1,2,2,2
237,0,41,40,12,12,1996,7,7,10,8,1,1,1,0,1,2,-1,4,2,2
238,0,47,48,16,20,1991,5,4,0,16,1,1,1,0,3,5,2,0,2,2
239,1,50,48,16,17,2011,2,4,20,15,2,0,1,0,2,4,2,0,1,NA
240,0,57,52,14,13,1999,7,5,13,21,1,1,2,1,1,3,1,0,2,2
241,0,49,52,14,14,1994,1,1,4,16,1,1,1,1,1,3,-1,6,2,2
242,0,62,52,14,13,1989,2,4,0,18,1,1,1,0,1,5,-1,0.75,2,2
243,0,60,61,16,17,1977,2,1,0,13,1,1,1,0,1,3,-1,6,2,2
244,0,77,77,12,12,1957,5,4,10,12,1,1,1,0,1,-1,-1,6,2,2
245,0,64,56,12,12,1979,5,4,0,15,1,1,1,0,2,5,-1,0.25,2,1
246,0,56,62,20,12,1995,3,5,0,20,1,1,1,1,2,5,-1,2,2,2
247,0,70,66,17,16,1991,6,1,1,19,1,1,1,0,1,5,-1,2,2,2
248,0,65,60,16,20,2014,7,6,0,17,2,0,1,0,1,3,-1,0.75,2,2
249,0,56,59,17,13,1981,5,5,0,16,1,1,1,0,1,3,2,0,2,2
250,0,64,65,16,17,1976,7,7,2,13,1,1,1,0,1,3,-1,6,2,2
251,0,44,44,12,17,2001,5,7,6,20,1,1,1,1,2,5,-1,0.25,2,2
252,0,52,48,16,17,2004,2,1,0,18,1,1,1,0,2,5,1,0,2,2
253,0,52,54,16,16,1988,2,1,0,17,1,1,1,0,2,3,-1,5,2,2
254,0,60,56,13,12,2004,1,4,3,15,1,0,1,0,1,3,1,0,2,2
255,0,69,65,13,12,NA,1,1,4,18,1,1,1,0,1,4,-1,0.75,2,2
256,0,59,63,12,13,1998,5,3,2,16,1,1,1,0,3,5,-1,6,2,2
257,0,67,69,13,16,1969,7,6,5,15,1,1,1,0,1,5,-1,6,2,2
258,1,35,42,12,13,2016,3,4,3,6,2,0,1,0,2,2,-1,0.25,2,1
259,0,71,69,17,16,1973,7,7,0,12,1,1,1,0,2,5,-1,3,2,2
260,0,58,57,17,17,1978,3,1,0,17,1,1,1,0,1,5,-1,0.75,2,2
261,0,79,84,13,16,1980,1,1,10,7,1,1,1,0,1,5,-1,6,2,NA
262,1,28,28,13,13,2016,6,6,0,18,2,1,1,1,5,5,-1,5,1,2
263,0,85,75,20,16,1988,5,6,0,20,1,1,1,0,1,5,3,0,2,2
264,0,43,40,17,16,1995,1,2,0,18,1,1,1,0,1,5,1,0,2,2
265,0,76,77,12,17,1959,3,3,2,11,1,1,1,1,1,5,3,0,2,2
266,0,50,53,16,17,1993,5,4,0,17,1,1,1,0,1,5,-1,2,2,2
267,0,85,-1,13,17,1951,3,-1,6,20,2,1,1,0,3,-1,-1,6,2,2
268,0,76,79,13,17,1962,1,2,5,16,1,1,1,0,2,5,2,0,2,2
269,0,60,53,17,13,2011,5,4,1,17,1,0,1,0,1,5,-1,2,2,2
270,1,59,50,12,20,1997,7,5,0,19,1,1,1,0,2,5,1,0,2,2
271,0,22,28,16,20,2016,7,5,4,19,2,0,4,0,1,3,-1,6,2,2
272,0,50,46,7.5,14,2001,3,1,0,13,1,1,1,0,2,5,2,0,2,2
273,0,54,52,13,14,2016,1,1,0,13,2,0,1,0,1,1,1,0,2,2
274,0,79,74,13,16,1981,6,6,2,16,1,1,1,0,1,5,-1,6,2,2
275,0,77,70,16,12,1985,1,1,3,14,1,1,1,0,1,5,3,0,2,2
276,0,52,56,17,16,2008,7,7,2,21,1,1,1,0,1,4,-1,6,2,2
277,0,59,60,13,12,1977,3,4,1,17,1,1,1,0,1,5,1,0,2,2
278,0,60,61,17,16,1976,1,1,0,21,1,1,1,0,1,3,-1,0.75,2,2
279,0,56,58,12,12,2017,7,2,2,8,2,0,2,0,1,2,2,0,2,1
280,0,65,65,13,13,1970,2,4,4,12,1,1,1,0,2,5,-1,3,2,2
281,0,39,40,12,13,1995,1,3,3,16,1,1,1,0,2,5,1,0,2,2
282,0,60,60,12,16,1993,3,5,5,15,1,1,1,0,1,4,-1,6,2,2
283,0,53,38,16,16,2003,3,6,1,12,1,0,3,1,2,5,1,0,2,2
284,0,68,67,16,17,1971,3,3,6,19,1,1,1,0,1,3,-1,0.25,2,2
285,0,71,68,20,17,2009,3,1,0,21,1,1,1,0,1,3,-1,0.75,2,2
286,1,68,61,13,12,NA,1,3,2,5,2,1,1,0,3,5,2,0,2,2
287,0,56,65,12,12,1983,3,4,6,14,1,1,1,0,2,5,3,0,2,2
288,0,64,58,12,12,1976,7,5,3,15,1,1,1,0,1,4,-1,5,2,2
289,0,62,60,13,16,1990,3,4,0,9,1,1,1,0,1,-1,-1,0.75,2,2
290,0,75,74,12,17,1961,5,5,0,16,1,1,1,0,1,5,2,0,2,2
291,0,66,66,14,14,1970,2,2,7,12,1,1,1,0,1,4,2,0,2,2
292,0,51,51,17,17,1992,3,1,0,18,1,1,1,1,1,5,-1,6,2,2
293,0,41,37,14,13,2004,4,4,0,9,1,1,1,0,2,4,-1,6,2,2
294,1,64,68,14,16,2015,6,5,0,10,2,0,1,0,2,-1,-1,7,2,2
295,0,45,44,13,16,1991,1,1,20,15,1,1,1,0,1,2,3,0,2,2
296,0,61,61,16,20,NA,7,7,0,19,1,1,1,0,3,5,-1,5,2,2
297,1,25,22,13,16,2014,2,4,4,15,2,0,1,0,2,2,-1,0.75,2,1
298,0,39,40,16,16,1994,7,6,0,18,1,1,1,0,1,3,-1,4,2,2
299,0,63,65,16,16,1972,1,1,4,13,1,1,1,0,1,5,-1,2,2,2
300,0,27,26,14,14,2007,2,2,4,14,1,1,1,0,1,2,1,0,2,2
301,0,63,63,16,14,1972,5,5,6,14,1,1,1,0,1,3,-1,2,1,2
302,0,63,66,13,12,1984,2,1,4,18,1,1,1,0,2,3,3,0,2,2
303,0,66,66,16,14,1970,6,3,0,18,1,1,1,0,1,4,2,0,2,2
304,0,63,60,13,12,2016,1,5,3,18,1,0,1,0,1,3,2,0,2,2
305,0,71,70,12,12,1966,2,4,2,11,1,1,1,0,1,4,-1,0.25,2,2
306,0,54,56,13,16,1985,3,4,0,16,1,1,1,0,2,5,2,0,2,2
307,0,74,66,12,NA,1997,7,4,0,15,1,0,3,1,2,4,2,0,2,2
308,0,52,55,17,16,1989,5,5,0,17,1,1,1,0,1,5,-1,7,2,2
309,0,62,60,14,14,1973,7,6,2,13,1,1,1,0,2,3,-1,2,2,2
310,0,63,61,17,17,1973,2,2,1,11,1,1,1,0,2,5,2,0,2,2
311,0,70,69,12,12,1965,2,4,0,11,1,1,1,0,2,5,2,0,2,2
312,0,44,50,12,14,1989,2,4,8,12,1,1,1,0,1,3,2,0,2,2
313,0,70,73,12,12,1984,7,5,5,11,1,1,1,0,2,5,-1,4,2,NA
314,0,68,65,13,12,1969,6,7,0,16,1,1,1,0,2,5,-1,5,1,2
315,0,84,72,20,20,1968,7,7,1,18,1,1,1,1,2,5,-1,6,2,2
316,0,55,60,14,14,1983,3,5,10,20,1,1,1,0,1,1,2,0,2,2
317,0,42,52,17,16,2011,7,6,0,16,1,0,1,0,1,3,-1,0.25,2,2
318,0,55,59,16,17,1986,1,1,0,18,1,1,1,0,1,3,-1,0.75,2,2
319,0,69,62,13,17,1981,5,7,3,9,1,0,1,0,1,5,-1,0.75,2,2
320,0,57,56,14,12,1980,6,3,2,16,1,1,1,0,1,3,1,0,2,2
321,0,65,66,13,12,1968,6,4,3,18,1,1,1,0,2,5,1,0,1,2
322,0,75,77,16,16,1966,1,1,0,19,1,1,1,0,1,-1,3,0,2,2
323,0,71,76,16,17,1969,6,3,2,20,1,1,1,0,1,5,-1,3,2,2
324,0,69,69,12,14,1964,1,1,0,13,1,1,1,0,1,5,-1,0.75,2,2
325,0,84,83,12,12,1952,6,6,2,14,1,1,1,0,2,5,-1,6,2,2
326,0,67,68,12,12,1968,2,3,0,16,1,1,1,0,1,4,-1,6,2,2
327,0,62,61,16,13,1977,1,3,0,17,1,1,1,0,1,4,3,0,2,2
328,0,49,46,14,13,1987,1,1,1,17,1,1,1,0,2,3,-1,0.75,2,2
329,0,69,72,17,17,1978,7,7,0,15,1,1,1,0,2,5,-1,0.75,1,2
330,0,66,64,16,17,1969,5,7,15,18,1,1,1,0,1,4,-1,6,2,2
331,0,43,39,17,17,2013,7,7,0,15,1,1,1,0,1,3,-1,2,1,2
332,0,20,21,12,13,NA,2,3,12,13,1,1,1,0,1,1,-1,0.25,2,1
333,0,62,60,17,17,1976,5,3,0,19,1,1,1,0,1,5,-1,6,2,2
334,0,35,37,14,16,1997,2,4,0,14,1,1,1,1,2,3,-1,3,2,2
335,0,45,31,14,13,2009,6,4,30,13,1,1,2,0,2,2,-1,3,2,2
336,0,61,67,16,13,1985,2,5,0,14,2,1,2,0,2,5,-1,6,2,2
337,0,39,42,16,12,2013,2,4,2,14,1,1,1,0,1,3,3,0,2,2
338,0,34,37,16,16,2005,1,1,9,12,1,1,1,0,1,2,-1,4,2,2
339,0,62,59,12,16,1979,2,1,0,14,1,1,1,0,1,5,1,0,2,2
340,0,70,60,13,12,1978,2,2,0,15,1,1,1,0,2,4,-1,0.25,2,2
341,0,56,53,14,16,NA,5,4,0,13,1,1,1,0,2,3,3,0,2,2
342,0,61,56,17,16,1979,2,2,3,17,1,1,1,0,1,5,-1,2,2,2
343,1,27,28,14,14,2012,7,7,6,13,1,1,4,1,2,2,-1,0.75,2,2
344,0,62,62,16,16,1971,5,6,3,14,1,1,1,0,3,5,-1,6,2,2
345,0,78,72,17,12,1975,1,1,0,13,1,1,1,0,1,4,2,0,2,2
346,0,58,47,12,12,2009,7,4,3,14,1,1,1,0,1,3,1,0,2,2
347,1,25,26,16,13,2008,3,4,25,13,2,0,1,0,3,5,1,0,2,2
348,0,70,65,12,9,1989,6,4,3,7,1,1,1,0,1,5,-1,0.75,2,2
349,0,58,58,13,12,1992,2,4,1,16,1,1,1,0,2,5,-1,6,2,2
350,0,61,67,17,17,2003,5,5,0,16,1,1,1,0,1,3,-1,4,2,2
351,0,73,64,13,12,1977,5,5,0,13,1,0,1,0,2,3,2,0,2,2
352,0,73,68,17,17,1996,7,7,0,16,1,1,1,0,1,5,-1,4,2,2
353,0,35,30,16,17,2007,5,4,5,15,1,1,1,0,1,4,-1,2,1,2
354,0,73,70,12,17,1962,6,6,8,20,1,1,1,0,1,2,-1,0.25,2,2
355,0,62,62,17,16,1975,7,7,3,16,1,1,1,0,1,5,-1,0.25,1,2
356,0,61,63,12,13,1974,5,5,0,16,1,1,1,0,2,3,-1,3,2,2
357,0,64,65,17,16,NA,6,5,2,17,1,0,4,0,2,4,-1,7,2,2
358,0,68,68,17,17,1968,2,3,1,16,1,1,1,0,1,3,-1,6,2,2
359,0,73,75,12,12,1991,7,7,6,19,1,1,1,0,1,5,-1,7,2,NA
360,0,67,77,20,20,1974,7,7,3,16,1,1,1,0,2,5,-1,6,2,2
361,0,67,57,17,16,1985,6,7,0,11,2,1,1,0,3,5,1,0,2,2
362,0,64,68,17,16,1999,7,7,10,19,1,1,1,0,1,3,-1,5,2,2
363,0,49,48,12,17,1997,5,7,4,18,1,1,1,0,1,5,-1,2,2,2
364,0,65,64,16,16,1971,2,3,0,16,1,1,1,0,1,2,-1,0.75,1,2
365,0,62,71,16,16,1984,7,7,8,16,1,1,4,1,1,5,-1,6,2,2
366,0,53,67,13,14,1998,6,1,8,18,1,0,1,0,3,5,-1,0.75,2,2
367,0,32,35,12,12,2000,3,4,3,7,1,1,1,0,1,2,-1,0.25,2,2
368,0,52,53,12,17,1982,6,1,0,13,1,1,1,0,1,3,-1,6,2,2
369,1,59,45,14,12,1999,7,6,2,8,2,0,2,0,2,4,-1,5,2,2
370,0,44,36,12,16,2001,5,5,2,19,1,1,1,0,3,2,1,0,2,1
371,0,36,36,12,12,2000,6,6,10,11,1,1,1,0,2,1,3,0,2,2
372,0,63,74,20,13,1979,5,4,0,19,1,1,5,1,2,3,-1,5,2,2
373,0,73,74,12,16,NA,3,4,5,17,1,1,1,0,1,5,3,0,2,2
374,0,30,31,13,16,2005,4,5,0,13,1,0,1,0,1,4,-1,0.25,1,2
375,0,35,35,16,16,2003,2,3,0,16,1,1,1,0,1,4,-1,0.25,2,2
376,0,55,47,16,12,2012,2,4,4,14,1,0,1,0,2,5,1,0,2,2
377,0,65,68,16,16,1999,6,1,2,13,1,0,1,0,1,3,-1,2,2,2
378,0,50,55,14,14,2009,3,5,1,13,1,0,1,0,1,3,-1,0.75,2,2
379,0,44,46,16,16,1988,6,6,5,21,1,1,1,0,1,3,-1,7,2,2
380,0,58,58,13,13,1982,2,4,2,15,1,1,1,1,1,3,1,0,2,2
381,0,68,66,13,13,1971,5,5,3,12,1,1,1,0,1,4,2,0,2,2
382,0,60,74,17,17,1988,3,4,3,16,1,1,1,0,1,1,-1,0.25,2,2
383,0,54,53,16,17,1982,2,3,0,19,1,1,1,0,1,3,-1,0.75,2,2
384,0,57,53,13,12,1982,3,4,4,17,1,1,1,0,1,3,-1,7,2,2
385,0,61,56,16,12,1980,3,3,0,15,1,1,1,0,1,5,-1,0.25,2,2
386,0,76,75,14,14,1963,3,1,0,10,1,1,1,0,1,5,-1,7,2,NA
387,0,82,87,12,16,1954,2,3,1,13,1,1,1,0,1,5,2,0,2,2
388,0,69,56,12,12,2005,3,4,0,9,1,1,1,0,1,5,2,0,2,2
389,0,39,31,16,16,2008,3,4,0,15,1,1,1,0,2,5,3,0,2,2
390,0,84,61,13,14,NA,3,1,0,15,1,1,NA,NA,1,5,2,0,2,2
391,0,71,76,12,10,1974,5,4,5,9,2,1,1,0,2,-1,2,0,2,2
392,0,55,58,16,17,1981,3,4,0,12,1,1,1,0,2,5,1,0,1,2
393,1,27,25,12,12,NA,6,4,40,5,2,0,1,0,2,2,-1,0.25,2,NA
394,0,42,41,17,20,1995,7,7,6,18,1,1,1,0,1,4,-1,5,2,2
395,0,37,54,14,17,2009,7,7,7,10,1,1,2,0,3,2,-1,6,2,2
396,0,27,37,12,14,2012,6,4,0,16,1,0,1,1,2,5,1,0,1,2
397,0,28,27,16,17,NA,3,4,7,19,1,1,5,0,1,2,1,0,2,2
398,0,77,77,12,12,1960,6,1,0,9,1,1,1,0,2,4,-1,4,2,NA
399,0,65,62,12,12,1971,3,3,0,6,1,1,1,0,2,5,3,0,2,2
400,0,52,46,17,16,1989,2,3,7,17,1,1,1,0,1,3,1,0,2,2
401,0,35,36,20,20,2009,3,6,0,15,1,1,1,0,1,3,-1,2,2,2
402,0,55,54,12,12,1981,7,7,2,16,1,1,2,0,1,4,-1,3,2,2
403,0,43,45,17,17,2009,1,1,1,18,1,1,1,0,1,3,-1,0.75,2,2
404,0,52,52,17,17,1984,3,4,5,17,1,1,1,0,1,4,-1,0.75,2,2
405,0,29,26,20,13,2014,3,4,5,21,2,0,1,0,1,2,-1,0.75,2,2
406,0,45,48,12,13,1995,4,3,30,13,1,1,1,0,3,3,-1,0.75,2,2
407,0,57,55,13,12,1978,1,3,2,16,1,1,1,0,1,4,-1,0.75,2,2
408,0,70,54,12,13,1997,3,1,5,14,1,1,1,0,2,2,3,0,2,2
409,0,59,54,16,14,1987,3,4,0,16,1,1,1,0,1,4,-1,2,2,2
410,0,54,50,16,12,1981,3,1,2,17,1,1,1,0,1,3,-1,0.75,2,2
411,0,49,47,12,16,1985,6,1,8,17,1,1,1,0,2,3,-1,0.25,2,2
412,0,67,65,13,12,1977,3,3,0,11,2,1,1,0,1,4,3,0,2,2
413,0,55,48,16,17,2002,3,4,2,21,1,1,1,0,2,4,-1,0.75,2,2
414,0,67,65,20,14,1971,1,1,0,12,1,1,1,0,1,5,1,0,2,2
415,0,61,54,12,12,1987,1,1,1,11,1,1,1,0,1,2,-1,6,2,2
416,0,52,54,12,10,1986,2,1,NA,13,1,1,1,0,2,4,-1,0.25,2,2
417,0,50,63,12,17,1986,2,1,2,13,1,1,2,1,2,3,1,0,2,2
418,0,58,61,14,12,1977,1,1,5,8,1,1,1,0,1,5,-1,5,2,2
419,0,70,76,12,12,1979,3,4,4,9,1,1,1,0,1,5,2,0,2,2
420,0,57,43,13,13,1996,2,4,4,14,1,1,1,0,1,3,1,0,2,2
421,0,72,72,11,14,1963,1,1,12,11,1,1,1,0,1,5,-1,6,2,2
422,0,61,61,12,12,1974,7,5,3,11,1,1,1,0,1,5,3,0,2,2
423,0,63,60,17,16,1982,3,4,0,21,1,1,1,0,1,4,-1,6,2,2
424,0,50,40,17,16,2000,1,1,3,16,1,1,5,0,3,5,-1,2,2,2
425,0,27,29,16,16,2014,5,1,10,12,1,0,4,0,1,3,-1,4,2,2
426,0,42,45,12,13,1992,6,4,3,16,1,1,1,1,1,3,1,0,2,2
427,0,71,72,17,20,NA,2,1,0,17,1,1,1,0,1,4,-1,5,2,2
428,0,56,55,12,16,2011,3,7,0,14,1,1,2,1,1,4,-1,5,2,2
429,0,46,45,20,16,2007,2,1,1,21,1,1,1,0,1,3,-1,0.75,2,2
430,0,64,64,16,17,1968,1,1,0,18,1,1,1,0,1,3,2,0,NA,2
431,0,67,63,20,16,1982,3,6,2,18,1,1,1,0,2,5,-1,6,2,2
432,0,31,26,16,13,2017,6,5,0,6,2,0,1,1,3,3,-1,6,2,2
433,0,55,53,20,11,1988,7,5,1,20,1,1,1,0,5,5,1,0,2,2
434,0,58,57,16,17,1978,3,6,0,21,1,1,1,0,1,4,-1,6,2,2
435,0,58,50,13,14,2002,3,3,0,19,1,1,4,1,1,3,1,0,2,2
436,0,69,62,13,13,1989,1,1,0,14,1,1,1,0,1,4,-1,1,2,2
437,0,41,34,17,14,2006,3,4,2,13,1,1,4,0,1,3,-1,7,2,2
438,0,63,64,16,14,1983,6,6,6,20,1,1,1,0,1,5,-1,5,2,2
439,0,51,43,13,12,1998,1,4,0,13,2,0,2,1,2,5,2,0,2,2
440,0,58,60,12,13,1977,6,5,2,16,1,1,1,0,1,4,-1,0.75,2,2
441,0,79,66,11,14,1978,7,7,7,10,1,1,1,0,1,4,-1,7,2,2
442,0,59,66,13,13,1993,7,5,6,14,1,1,1,0,1,5,-1,6,2,2
443,0,59,62,12,14,1975,2,1,2,18,1,1,1,0,1,4,-1,3,2,2
444,0,72,58,12,16,1997,5,3,1,13,1,1,1,0,2,5,2,0,2,2
445,0,54,51,17,16,2005,7,7,0,15,1,1,1,0,1,3,2,0,2,2
446,0,45,60,16,20,2013,2,3,0,21,1,0,1,0,2,3,-1,6,2,1
447,0,60,59,14,13,1983,3,3,16,15,1,1,1,0,1,3,-1,2,2,2
448,0,48,44,16,12,1989,2,5,0,19,1,1,1,0,1,4,2,0,2,2
449,0,58,51,12,16,1981,5,6,0,17,1,1,1,0,2,2,3,0,2,2
450,1,58,61,16,13,2010,7,4,0,10,2,0,1,1,3,4,-1,4,1,1
451,0,72,74,12,13,1971,4,4,1,5,1,1,1,0,1,-1,-1,6,2,2
452,0,78,72,13,13,NA,3,4,3,16,1,1,1,0,1,5,-1,7,1,2
453,0,69,82,13,20,1968,2,2,0,15,1,1,1,0,1,5,-1,6,2,2
454,0,67,68,16,13,1967,1,3,3,21,1,1,1,0,2,2,-1,0.25,2,2
455,0,71,68,7.5,13,1990,7,7,2,10,1,1,1,0,1,5,3,0,1,2
456,0,58,55,16,17,2000,6,7,0,16,1,1,1,1,1,1,-1,0.75,2,2
457,0,57,58,13,13,1981,3,4,1,9,1,1,1,0,1,5,-1,0.75,2,2
458,0,66,60,12,13,NA,6,7,3,5,2,0,2,0,2,-1,3,0,2,NA
459,0,68,65,13,13,1975,2,5,0,13,1,1,3,0,2,5,-1,6,2,2
460,0,54,51,16,17,1992,7,7,0,16,1,1,1,0,1,5,-1,0.75,1,2
461,0,70,66,20,20,1974,7,7,0,19,1,1,1,0,1,5,-1,3,2,2
462,0,57,55,13,14,1990,6,4,3,17,1,1,1,0,1,3,-1,3,2,2
463,0,70,75,17,17,1977,5,5,2,16,1,1,1,0,1,5,-1,7,2,2
464,0,57,62,16,14,1990,3,3,0,15,1,1,1,0,1,-1,-1,5,2,2
465,0,68,62,14,12,1975,1,4,0,15,1,1,1,0,1,3,1,0,2,2
466,1,19,23,13,16,2016,7,5,3,17,2,0,1,0,1,5,-1,0.75,2,NA
467,0,74,81,13,16,1960,1,1,0,19,1,1,1,0,1,5,-1,6,2,2
468,0,57,54,13,13,2014,7,7,5,5,2,0,5,1,2,3,-1,6,2,NA
469,1,31,30,16,16,2016,6,5,0,19,2,0,1,1,2,4,-1,6,2,2
470,0,60,62,13,13,1974,2,1,0,18,1,1,1,0,2,3,1,0,2,2
471,0,30,30,17,17,2007,2,5,2,16,1,1,1,0,2,5,-1,2,2,2
472,0,59,49,13,16,1998,6,7,2,13,2,0,2,0,3,3,-1,1,2,2
473,0,44,43,13,17,2004,6,6,0,17,1,0,1,0,1,5,-1,6,2,2
474,0,64,70,17,17,1974,7,7,8,16,1,1,1,0,1,3,-1,4,2,2
475,0,67,-1,10,13,1974,1,1,0,7,1,1,3,0,2,-1,-1,0.75,2,2
476,0,55,54,17,16,1985,7,7,1,16,1,1,1,0,1,5,2,0,2,2
477,0,35,32,12,13,2006,4,4,6,12,1,1,1,0,1,2,1,0,2,2
478,0,70,67,14,13,1969,6,6,0,16,1,1,1,0,1,5,-1,6,2,1
479,0,79,69,12,13,1968,1,1,0,7,1,1,1,0,1,5,-1,0.75,1,1
480,0,38,40,16,13,2000,1,3,4,10,1,1,1,0,1,3,-1,5,2,2
481,1,64,55,12,12,2011,4,5,2,6,2,0,1,0,1,3,-1,0.75,2,2
482,0,79,78,20,17,NA,2,7,0,17,1,1,1,0,1,5,-1,7,2,2
483,0,21,22,13,16,2016,5,3,3,20,2,0,1,0,2,2,-1,0.75,2,2
484,0,35,34,17,17,2000,2,5,4,18,1,1,1,0,1,4,-1,2,2,2
485,0,57,58,14,13,1982,5,4,0,16,1,1,1,0,2,5,1,0,2,2
486,0,57,55,17,20,1989,7,7,0,17,1,1,1,0,1,3,-1,7,2,2
487,0,58,60,12,12,1982,3,4,3,13,1,0,1,0,1,-1,1,0,2,2
488,0,52,47,12,13,2005,4,-1,0,10,1,0,1,1,3,-1,-1,7,2,2
489,0,84,89,12,16,1977,1,2,3,11,1,1,1,0,1,5,-1,5,2,2
490,0,58,61,14,12,1995,1,2,0,13,1,1,1,0,1,5,1,0,2,2
491,0,79,74,9,14,1967,3,1,4,9,1,1,1,0,2,5,-1,5,2,2
492,0,75,68,12,12,1967,3,4,6,15,1,1,1,0,1,3,3,0,2,2
493,0,72,67,16,13,1969,3,3,33,15,1,1,1,0,1,2,-1,3,2,2
494,0,63,63,17,16,1973,1,1,0,21,1,1,1,0,2,5,3,0,2,2
495,0,40,45,16,13,NA,4,4,6,16,1,1,1,0,3,5,1,0,1,2
496,0,24,25,16,14,2015,1,1,9,14,2,0,1,0,1,5,1,0,2,2
497,1,27,27,13,16,2017,7,5,2,15,2,0,1,0,2,5,-1,5,2,2
498,0,75,79,12,11,1970,5,6,0,8,2,0,2,0,2,5,2,0,2,2
499,0,70,71,14,13,1966,2,1,0,12,1,1,1,0,1,5,-1,7,2,2
500,0,46,39,13,16,2001,5,5,0,16,1,0,1,1,2,5,-1,5,2,1
501,0,46,41,14,16,2008,7,6,6,16,1,1,2,0,1,5,-1,0.75,2,2
502,0,34,37,11,12,2017,5,4,2,2,2,0,3,1,1,5,-1,0.25,2,2
503,0,58,43,13,12,1998,5,5,1,12,1,0,1,0,1,3,-1,6,2,2
504,0,44,45,12,12,1997,5,4,6,16,1,1,1,0,2,4,2,0,2,2
505,0,43,37,17,13,2015,5,5,2,17,1,0,1,0,1,2,-1,0.75,2,2
506,0,64,63,13,13,1970,3,3,0,15,1,1,1,0,1,5,3,0,2,2
507,1,31,34,12,13,2007,6,1,0,10,1,1,1,0,2,3,1,0,2,2
508,1,55,34,13,12,2013,7,4,0,13,2,0,1,1,1,4,-1,2,1,2
509,0,52,45,13,17,2011,5,4,5,18,2,0,1,0,1,3,-1,0.75,2,NA
510,0,34,36,17,17,NA,6,4,0,18,1,0,2,0,1,3,1,0,2,2
511,0,60,55,13,16,2000,7,6,2,16,1,1,1,0,1,4,-1,3,2,2
512,0,71,73,13,16,1969,1,1,2,18,1,1,1,0,1,-1,-1,6,2,2
513,0,79,72,7.5,14,NA,7,7,3,12,1,0,1,1,1,5,-1,7,2,1
514,0,82,80,20,13,NA,3,3,0,20,1,1,1,0,1,5,-1,3,2,2
515,0,31,29,12,12,2005,5,4,1,12,1,1,1,0,2,1,1,0,2,2
516,0,56,53,12,12,2007,4,-1,0,14,1,0,1,0,2,4,1,0,2,2
517,0,56,56,13,14,1978,1,2,20,18,1,1,1,0,1,5,1,0,2,2
518,0,66,60,16,16,1990,7,7,0,16,2,0,1,0,1,4,-1,5,2,2
519,0,38,40,16,16,2004,7,5,3,16,1,1,2,1,2,5,-1,5,2,2
520,0,38,35,16,17,2008,3,1,0,13,1,1,5,1,1,1,2,0,2,2
521,0,71,71,12,12,1961,7,7,1,12,1,1,1,0,1,5,-1,7,2,2
522,1,20,21,13,13,2015,2,-1,11,15,2,0,1,0,1,-1,-1,3,2,NA
523,0,48,47,14,13,1989,7,7,0,11,1,1,2,1,1,2,1,0,2,2
524,0,35,37,13,13,2007,1,7,0,14,1,1,1,0,1,3,1,0,2,2
525,0,28,22,13,14,2014,2,3,10,13,1,1,1,0,2,2,-1,0.25,2,1
526,0,65,61,13,13,1970,1,1,1,10,1,1,1,0,1,4,-1,0.75,2,2
527,1,70,25,16,12,2016,7,4,2,13,2,0,1,0,2,5,1,0,2,2
528,0,42,40,16,16,2011,7,4,2,16,1,1,1,0,1,3,-1,0.75,2,2
529,0,47,49,12,12,1992,6,3,2,17,1,1,1,0,1,3,-1,2,2,1
530,1,31,22,17,16,2015,7,4,NA,13,2,0,4,0,2,3,-1,0.75,2,2
531,1,32,22,7.5,13,2017,5,4,1,1,2,0,1,0,1,2,-1,0.25,1,2
532,1,21,20,12,13,2016,7,7,6,7,2,0,5,0,2,2,-1,3,2,2
533,0,83,80,12,12,1951,6,5,1,12,1,1,1,0,1,5,2,0,2,1
534,0,43,45,13,13,2004,7,5,0,15,1,1,2,1,1,5,-1,3,2,2
535,1,53,46,13,12,2017,6,4,28,15,1,0,5,0,2,1,-1,4,1,1
536,0,26,30,12,13,2007,7,6,4,10,1,1,1,0,1,5,-1,5,1,2
537,0,53,50,13,12,2006,7,7,0,14,1,0,1,0,2,5,1,0,2,2
538,0,49,46,16,17,2017,6,6,0,19,1,0,1,0,2,5,-1,0.75,2,2
539,0,55,52,17,17,1991,1,1,0,16,1,1,1,0,2,3,-1,0.25,2,2
540,1,29,27,20,13,2017,7,5,1,11,2,0,1,0,2,3,-1,2,2,2
541,0,53,52,20,16,1985,7,6,3,17,1,1,1,0,1,3,-1,0.75,2,2
542,0,59,61,12,14,1974,2,3,10,12,1,1,1,0,1,5,-1,0.75,2,1
543,0,68,70,13,13,1965,3,3,3,9,1,1,1,0,1,5,-1,6,2,1
544,0,28,38,16,12,2010,1,1,15,21,1,1,1,0,1,4,2,0,2,2
545,0,83,84,13,12,1950,7,7,0,11,1,1,1,0,1,3,-1,4,2,2
546,0,34,33,17,16,2007,2,3,6,11,1,1,1,0,1,5,-1,4,2,2
547,0,40,58,20,17,2013,5,7,0,16,1,1,2,0,1,3,-1,7,2,2
548,0,38,-1,17,17,NA,1,1,2,12,1,1,1,0,1,-1,-1,6,2,2
549,0,39,34,13,12,2017,1,3,2,13,1,0,1,0,2,3,-1,0.75,2,2
550,0,48,52,17,14,2006,7,7,9,15,1,0,1,0,1,2,-1,2,2,2
551,0,59,55,17,16,2017,2,4,1,19,2,0,1,0,1,5,-1,4,2,2
552,0,44,48,13,7.5,2006,7,4,2,7,1,1,2,0,2,3,3,0,2,2
553,0,33,44,20,14,2011,1,1,4,16,1,1,1,0,1,3,1,0,NA,2
554,0,48,46,12,7.5,1999,6,5,2,12,1,1,1,0,2,3,2,0,2,2
555,0,59,59,13,13,1996,4,4,4,11,1,1,2,0,1,2,1,0,2,2
556,0,53,53,12,12,1989,3,4,3,13,1,1,1,0,2,5,1,0,1,1
557,0,37,45,16,16,2006,5,4,2,21,1,1,4,0,1,-1,-1,3,2,2
558,0,77,74,12,12,1962,5,3,0,5,1,1,1,0,2,5,3,0,2,NA
559,0,59,60,12,14,NA,1,4,2,18,1,0,1,0,1,5,1,0,NA,2
560,0,29,34,17,20,2010,5,4,0,16,1,1,1,0,2,5,-1,6,1,2
561,0,39,36,17,17,NA,3,5,5,18,1,0,1,0,1,1,-1,0.75,2,2
562,0,53,45,14,12,2012,6,5,2,10,2,1,1,0,2,2,-1,0.75,2,2
563,0,33,51,12,13,2007,1,3,7,12,1,1,1,NA,2,5,2,0,1,2
564,0,30,37,17,13,2017,1,3,9,14,2,0,1,0,1,2,-1,0.75,2,2
565,0,72,71,17,16,1967,1,1,0,16,1,1,1,0,2,5,-1,5,1,2
566,0,82,75,16,13,2017,2,3,0,18,2,0,1,0,1,4,-1,6,2,2
567,0,75,74,14,13,1966,3,3,4,11,1,1,1,0,3,5,3,0,2,2
568,0,59,67,12,13,1974,3,1,2,8,1,1,1,0,2,-1,-1,6,2,2
569,0,74,73,17,16,1965,5,4,1,18,1,1,4,0,1,5,-1,4,2,2
570,0,68,68,12,16,1965,1,1,0,9,1,1,1,0,1,4,-1,2,1,2
571,0,43,47,7.5,12,1991,3,4,0,2,1,1,1,0,1,3,-1,4,2,2
572,0,47,60,16,14,2011,6,4,2,13,1,1,1,0,1,4,-1,5,2,2
573,0,34,34,17,17,2001,7,7,0,14,1,1,1,0,1,3,-1,6,2,2
574,0,70,73,12,12,1968,6,2,0,16,1,1,1,0,1,5,2,0,2,1
575,1,63,63,14,16,1988,7,7,2,17,2,1,2,0,4,5,-1,0.25,2,2
576,0,69,71,12,13,1966,2,2,3,10,1,1,1,0,1,5,-1,4,2,2
577,0,24,24,16,16,2014,6,7,6,16,2,0,1,0,1,5,-1,0.75,2,2
578,0,61,63,13,13,1973,2,3,2,6,1,1,1,0,1,3,2,0,2,2
579,0,42,42,12,12,1995,2,3,2,14,1,1,1,0,2,5,-1,3,1,2
580,0,28,29,12,14,2004,5,4,2,6,1,1,1,0,1,3,-1,7,2,2
581,0,36,37,13,13,2013,3,4,2,9,1,0,1,0,2,5,1,0,2,1
582,0,46,37,12,13,2016,5,4,4,14,1,0,1,0,2,2,1,0,2,2
583,0,52,64,12,20,1989,5,4,0,12,1,1,1,0,2,5,2,0,2,2
584,0,49,40,13,17,2006,1,3,3,16,1,1,1,0,1,3,1,0,2,2
585,1,54,53,14,12,2016,1,1,1,9,2,0,1,0,3,-1,3,0,2,2
586,0,60,63,14,16,2000,3,3,0,6,1,1,1,0,1,3,-1,0.25,2,2
587,0,57,55,13,16,1980,5,4,2,12,1,1,1,0,1,4,-1,0.75,2,2
588,0,52,62,12,13,1993,7,7,6,15,1,1,1,0,1,5,1,0,2,2
589,0,64,66,12,13,1985,1,3,3,7,1,1,1,0,1,3,-1,0.75,2,2
590,0,70,71,13,16,1966,1,1,4,17,1,1,1,0,1,5,-1,7,1,2
591,0,65,68,12,12,1972,5,4,0,14,1,1,1,0,2,5,-1,4,1,2
592,0,42,42,17,17,1992,3,5,0,21,1,1,4,0,2,3,-1,5,2,2
593,0,21,52,13,16,1996,2,1,4,17,1,1,1,0,3,5,-1,6,2,2
594,0,50,50,13,12,2007,5,4,0,14,1,1,2,0,1,3,2,0,2,2
595,0,64,64,12,16,1967,3,4,6,16,1,1,1,0,2,5,-1,3,2,2
596,0,68,68,17,16,1970,3,3,8,19,1,1,1,0,1,5,-1,5,2,2
597,0,74,76,5.5,12,1965,5,5,3,12,1,1,1,0,1,-1,-1,0.75,2,2
598,0,44,43,14,16,2015,5,7,0,5,1,0,1,0,1,3,-1,6,2,2
599,0,70,71,16,13,1970,5,5,1,11,1,1,1,0,2,3,-1,5,2,2
600,0,43,44,12,12,1996,7,6,0,12,1,1,2,0,3,1,1,0,2,2
601,1,33,36,17,16,2017,5,7,4,13,2,0,1,0,4,5,-1,7,2,2
602,0,64,61,13,20,2014,5,5,3,14,1,0,1,1,2,3,-1,6,2,2
603,0,68,71,12,13,1993,5,5,0,13,1,0,1,0,2,5,-1,6,2,NA
604,0,68,69,17,16,1975,7,4,20,7,1,1,1,0,1,5,-1,5,2,2
605,0,54,55,12,12,1990,3,-1,2,15,1,1,1,0,1,5,1,0,2,2
606,0,56,56,13,13,2000,3,3,0,8,1,0,1,0,2,3,-1,7,2,2
607,0,53,54,12,12,1999,7,5,9,15,1,1,2,0,2,4,3,0,2,2
608,0,34,39,11,17,1996,6,6,2,15,1,1,1,0,1,2,2,0,1,2
609,0,34,34,17,17,2009,7,7,0,13,1,1,1,0,1,5,-1,6,2,2
610,0,43,42,12,12,1993,6,6,0,12,1,1,1,0,1,2,1,0,2,2
611,1,30,26,12,10,2011,5,4,5,11,1,0,2,0,2,1,1,0,2,2
612,1,60,64,11,14,1998,5,3,1,5,1,1,1,0,3,5,-1,3,2,2
613,0,53,53,16,16,1976,1,2,3,16,1,1,1,0,1,5,-1,4,2,2
614,0,76,77,17,20,2009,5,7,0,19,1,0,1,0,1,3,-1,7,2,1
615,0,57,60,14,14,1988,3,4,4,17,1,1,1,0,2,5,-1,0.25,2,2
616,0,52,56,17,20,1985,1,1,3,18,1,1,1,0,1,3,2,0,2,2
617,0,59,62,12,12,1993,5,5,2,4,1,1,1,0,2,5,-1,0.75,2,2
618,0,70,70,16,17,1969,2,1,5,19,1,1,1,0,2,5,-1,1,2,2
619,0,63,65,17,20,1979,5,4,2,14,1,1,4,1,3,5,-1,7,1,2
620,0,64,71,12,13,1990,5,4,12,12,1,1,1,0,1,4,2,0,2,2
621,0,55,52,16,13,1983,7,7,0,10,1,1,1,0,1,5,-1,0.75,1,2
622,0,24,25,16,16,2011,7,1,3,14,1,1,1,0,1,3,-1,2,2,2
623,0,32,32,16,17,2002,3,5,20,13,1,1,1,0,1,3,1,0,2,2
624,0,85,91,12,12,1954,6,5,4,20,1,1,1,0,1,5,-1,7,2,NA
625,0,55,57,14,14,1989,7,7,17,18,1,1,1,0,1,4,1,0,2,2
626,0,72,57,13,12,1980,2,4,3,12,1,1,1,0,1,5,3,0,2,2
627,0,57,57,13,13,1980,7,6,0,11,1,1,1,0,1,5,-1,4,2,1
628,0,37,46,17,13,2007,7,7,3,20,1,1,4,1,1,4,-1,6,2,2
629,0,41,42,16,16,2014,5,4,4,12,2,0,4,0,1,3,-1,0.75,2,2
630,0,77,68,12,13,1975,5,6,6,9,1,1,1,0,2,4,3,0,2,2
631,0,39,40,12,12,1998,2,3,5,10,1,1,1,0,2,4,-1,0.75,1,2
632,0,70,69,7.5,12,1968,7,7,2,14,1,1,1,0,1,5,3,0,2,2
633,0,57,62,12,12,1986,3,1,0,16,1,1,1,0,3,5,1,0,1,1
634,0,50,61,9,12,1995,2,1,0,11,1,1,1,0,2,2,2,0,2,2
635,0,79,72,14,12,1975,1,1,3,12,1,1,1,0,1,3,-1,0.75,2,1
636,0,55,55,12,12,2012,7,5,2,16,1,0,2,0,2,3,1,0,2,2
637,1,45,49,12,12,2014,5,6,1,12,2,0,2,0,3,1,1,0,2,2
638,0,27,28,16,16,2012,2,3,5,11,1,1,1,0,3,3,-1,0.25,2,2
639,0,70,68,17,16,1970,7,7,0,14,1,1,1,0,1,5,-1,0.75,2,2
640,0,33,35,13,16,2004,4,4,7,16,1,1,5,1,1,2,-1,6,2,1
641,0,72,73,12,12,1964,2,1,3,4,1,1,1,0,1,-1,-1,4,2,2
642,0,65,62,12,5.5,1970,1,1,8,14,1,1,1,0,1,2,2,0,2,2
643,0,35,33,12,12,2004,6,4,0,11,1,1,1,0,2,3,2,0,2,2
644,0,61,47,13,16,2014,6,4,15,13,1,1,1,1,2,3,1,0,2,2
645,1,19,18,13,12,2016,2,3,3,16,2,0,1,0,2,2,2,0,2,2
646,0,41,41,20,16,1998,6,5,6,16,1,1,1,0,1,5,-1,3,2,NA
647,0,31,32,16,16,2011,7,5,0,21,1,0,1,1,1,4,-1,3,2,2
648,0,63,65,12,12,1972,3,1,0,13,1,1,1,0,1,5,3,0,2,2
649,1,37,28,12,12,2017,5,5,1,1,2,0,1,0,2,2,1,0,2,2
650,0,29,28,16,14,2017,3,4,0,7,2,0,1,0,1,2,2,0,2,2
651,0,43,38,13,12,1997,5,5,0,16,1,1,1,0,1,3,1,0,2,2
652,0,38,37,13,11,1998,5,7,0,6,1,1,2,0,3,5,1,0,2,2
653,0,40,51,20,16,2005,3,4,2,20,1,1,1,0,1,2,1,0,2,2
654,0,62,65,12,13,NA,2,1,0,13,1,1,1,0,2,5,-1,3,2,2
655,0,49,55,16,14,2008,3,4,2,13,1,1,1,0,2,3,-1,0.25,1,2
656,1,53,48,13,12,2009,6,5,3,3,2,1,2,0,1,5,3,0,2,2
657,0,54,48,14,13,2002,3,4,0,14,2,0,5,0,1,5,-1,7,2,2
658,0,67,65,12,13,1971,3,5,20,11,1,1,1,0,1,3,-1,0.75,2,2
659,0,72,75,14,13,1963,7,7,5,15,1,1,2,0,2,-1,-1,3,2,NA
660,0,28,33,12,12,2015,4,4,3,8,1,0,2,1,3,-1,1,0,2,2
661,0,60,60,16,20,1969,6,7,0,20,1,1,1,0,1,3,-1,1,2,2
662,0,55,54,17,13,1982,2,2,0,9,1,1,1,0,1,3,2,0,2,2
663,0,24,23,12,14,2012,5,4,4,10,2,0,1,0,1,2,3,0,1,2
664,0,74,69,20,17,1976,3,7,2,21,1,1,1,0,2,4,-1,6,2,2
665,0,60,58,12,13,1986,7,7,0,7,1,0,1,0,1,5,1,0,2,2
666,0,54,-1,12,12,NA,4,3,2,9,1,1,1,0,2,-1,-1,0.75,2,2
667,1,27,27,16,14,2008,7,7,0,12,1,1,1,1,1,5,-1,5,2,1
668,0,26,27,13,14,2012,5,4,3,14,1,1,1,1,1,3,-1,3,2,2
669,0,33,33,16,17,2006,7,7,0,15,1,1,1,0,3,5,-1,2,2,2
670,0,25,25,16,16,2010,6,6,4,9,1,1,2,0,2,3,-1,0.75,2,2
671,0,57,59,12,12,1976,2,-1,3,13,1,1,1,0,1,5,-1,4,2,2
672,1,42,53,12,13,1999,7,7,3,10,1,1,2,0,4,3,-1,0.25,1,2
673,0,50,47,13,13,1994,7,6,2,12,1,1,1,1,4,5,1,0,2,2
674,1,34,33,13,13,2011,5,4,4,13,1,1,1,0,3,5,-1,6,2,2
675,0,39,37,17,14,2002,5,4,0,16,1,1,1,0,2,5,-1,6,2,2
676,0,61,64,12,13,1972,2,4,11,17,1,1,1,0,1,4,3,0,2,2
677,0,38,40,12,14,1998,7,6,12,15,1,1,1,1,2,3,-1,3,2,2
678,0,66,69,13,13,1969,7,7,6,13,1,1,1,0,2,4,3,0,2,2
679,0,36,37,11,12,1997,3,4,1,4,1,0,1,0,2,3,1,0,2,2
680,0,28,41,13,12,2015,2,1,0,17,1,1,1,0,1,3,-1,5,1,1
681,0,25,23,14,14,NA,5,4,NA,3,2,0,4,0,NA,-1,-1,NA,2,2
682,0,49,36,17,17,2013,2,2,1,14,1,1,1,0,1,5,-1,3,1,1
683,0,30,30,16,13,2011,6,5,0,12,1,1,2,1,1,3,-1,0.25,1,1
684,0,45,51,12,16,2001,1,1,3,16,1,1,1,0,2,5,2,0,2,2
685,0,28,29,12,12,2005,5,4,1,3,1,1,1,1,1,2,2,0,1,2
686,0,48,39,12,16,NA,3,2,10,16,1,1,1,0,2,-1,-1,0,2,2
687,1,30,33,12,12,2013,2,4,2,13,2,0,1,0,1,1,1,0,2,2
688,0,27,27,16,16,2016,7,5,0,12,2,0,1,1,2,5,-1,5,1,2
689,0,62,66,12,13,1974,6,4,1,13,1,1,1,0,2,5,-1,0.75,2,2
690,0,27,34,12,16,2007,5,4,15,11,1,1,1,0,2,4,-1,3,2,2
691,1,28,29,12,13,2009,1,4,0,6,2,0,1,0,3,5,1,0,2,2
692,0,48,55,12,20,2009,7,6,5,4,1,0,3,1,2,2,-1,6,1,2
693,0,67,68,17,20,1970,6,6,0,12,1,1,4,1,1,3,2,0,2,2
694,0,58,57,16,14,1979,1,1,0,20,1,1,1,0,2,4,2,0,2,2
695,0,52,48,13,16,1986,3,4,0,18,1,1,1,0,1,4,-1,6,2,2
696,0,44,44,16,17,2001,3,6,10,15,1,1,1,0,1,3,-1,3,2,2
697,0,30,30,12,12,2014,7,4,8,1,2,0,2,1,1,2,-1,5,2,2
698,0,64,68,17,13,NA,3,4,1,15,1,1,1,0,1,3,2,0,2,2
699,0,27,25,12,12,2007,7,4,10,10,1,0,3,1,1,3,-1,3,2,2
700,0,27,37,11,13,2007,5,4,0,10,1,1,1,0,5,5,-1,0.75,2,2
701,0,29,30,16,16,2005,7,7,19,17,1,1,1,0,1,5,-1,6,2,2
702,0,31,32,16,16,2007,5,4,0,16,2,1,1,0,2,3,-1,3,1,2
703,0,56,54,16,16,1978,5,4,1,17,1,1,1,0,1,5,-1,0.75,2,2
704,0,74,78,11,16,1957,6,6,10,13,1,1,1,0,1,4,-1,6,1,1
705,0,60,60,16,16,1980,2,1,0,15,1,1,1,0,1,3,-1,0.75,2,2
706,0,67,60,13,14,1971,5,5,2,12,1,1,3,0,1,5,2,0,2,2
707,0,51,52,13,13,1989,7,5,0,11,1,1,1,0,1,3,-1,2,1,2
708,0,52,46,13,12,1990,1,3,0,9,1,1,1,0,4,5,1,0,2,2
709,0,30,35,12,14,2016,5,4,5,4,1,0,1,0,1,3,-1,0.75,2,2
710,0,64,63,14,13,1968,2,3,NA,17,1,1,1,0,1,3,-1,0.75,2,2
711,1,41,45,17,17,2000,7,6,0,12,1,1,2,0,2,4,-1,4,2,2
712,0,73,72,13,12,1983,3,3,0,11,1,1,1,0,1,2,-1,0.75,2,2
713,1,72,72,13,13,2017,6,4,8,7,2,0,1,0,2,4,2,0,2,2
714,0,19,20,13,13,2016,5,4,1,2,2,0,1,0,2,4,-1,2,2,2
715,0,56,56,12,14,1991,3,4,0,16,1,0,1,0,2,5,1,0,2,2
716,0,69,55,17,12,1981,1,2,1,18,1,1,1,0,1,4,-1,2,2,2
717,0,36,34,12,12,2004,6,5,1,14,1,1,1,0,3,5,2,0,2,1
718,0,77,78,17,17,1961,3,1,5,19,1,1,1,0,1,5,3,0,2,2
719,0,58,57,17,20,1977,2,4,7,17,1,1,1,0,2,4,-1,6,2,2
720,1,26,26,17,16,2016,3,2,0,6,2,0,1,0,1,5,-1,6,2,2
721,0,27,35,10,11,2006,7,7,6,13,1,1,3,0,3,3,-1,0.75,2,2
722,0,35,32,16,16,2005,2,3,5,13,1,1,1,0,2,3,-1,0.75,2,2
723,0,54,52,16,17,1988,1,2,1,18,1,1,1,0,2,5,1,0,2,2
724,0,72,70,20,17,1968,7,7,6,17,1,1,1,0,1,5,-1,7,2,2
725,0,24,26,16,16,2015,2,2,3,16,1,0,1,0,2,2,-1,0.25,2,2
726,0,74,61,20,17,1991,3,5,0,16,1,1,1,0,1,5,2,0,2,2
727,1,27,27,13,13,2011,3,4,1,11,2,1,1,0,5,5,-1,7,2,NA
728,0,64,62,20,13,1973,1,1,4,14,1,1,3,1,1,3,2,0,2,2
729,0,49,52,17,14,2006,2,4,9,19,1,1,1,0,1,4,-1,0.75,2,2
730,0,42,44,16,14,1999,1,1,25,7,1,1,1,0,1,4,1,0,2,2
731,0,49,40,12,13,2002,7,7,3,16,1,1,1,0,1,5,-1,6,2,2
732,1,26,26,16,14,2014,3,5,2,13,1,0,1,0,3,3,-1,0.25,2,2
733,0,50,50,17,13,1990,3,3,6,16,1,1,1,0,2,-1,-1,2,2,2
734,0,35,36,14,13,2002,5,4,0,10,1,1,1,0,2,2,1,0,2,2
735,0,72,70,13,14,1963,7,7,5,13,1,1,2,0,2,4,-1,5,2,2
736,0,49,56,13,12,1998,7,1,0,16,1,1,1,0,2,4,1,0,2,2
737,0,28,29,16,17,2008,2,6,2,16,1,0,1,0,1,3,-1,6,2,2
738,0,36,25,14,16,2014,3,3,5,15,1,1,1,0,1,4,2,0,2,2
739,0,51,44,14,13,1994,3,3,2,17,1,1,3,1,2,3,3,0,2,2
740,0,81,81,12,13,1955,2,1,30,8,1,1,1,0,1,5,-1,0.75,2,2
741,0,59,60,17,13,NA,7,7,5,16,1,1,2,0,1,5,-1,6,1,2
742,0,56,57,12,16,NA,3,1,12,13,1,1,1,0,1,-1,-1,2,2,2
743,0,50,46,16,17,1992,3,4,0,13,1,1,1,0,1,-1,2,0,2,2
744,0,23,35,13,17,2013,1,3,1,15,1,1,1,0,1,3,1,0,2,2
745,0,71,75,13,14,2004,3,3,1,13,1,0,1,0,1,5,-1,0.25,1,1
746,0,57,64,12,10,1979,6,4,35,6,1,1,1,0,3,5,-1,7,2,2
747,0,56,65,16,16,1996,5,2,0,18,1,1,1,0,2,5,-1,5,2,2
748,0,67,64,12,12,1993,3,1,10,16,1,1,1,1,1,3,3,0,2,2
749,0,53,53,16,20,1988,7,6,7,21,1,1,1,0,2,5,-1,2,2,2
750,0,47,42,12,13,2009,3,4,2,13,1,1,1,0,1,5,1,0,2,2
751,0,56,57,16,14,1977,3,3,4,15,1,1,1,0,1,3,-1,0.75,2,2
752,0,44,44,16,16,2007,5,4,3,19,1,1,1,0,2,4,-1,0.75,2,2
753,0,56,63,12,13,1975,1,1,0,11,1,1,3,1,2,5,-1,6,2,2
754,0,62,60,13,13,1977,2,3,0,19,1,1,1,0,1,5,2,0,2,2
755,0,72,69,13,16,1965,6,7,0,16,1,1,2,0,1,5,2,0,2,2
756,0,36,38,13,13,2012,6,4,1,13,1,1,1,0,1,5,1,0,2,2
757,0,48,48,12,12,1994,2,1,5,16,1,1,1,0,2,5,-1,0.75,2,2
758,0,43,43,16,16,2002,6,3,1,18,1,1,1,0,2,4,1,0,2,2
759,0,68,55,12,12,1981,7,5,4,3,2,0,4,1,2,3,-1,6,2,NA
760,0,59,59,14,16,1978,6,6,4,12,1,1,1,0,1,3,1,0,2,2
761,0,55,52,17,17,1995,2,3,1,18,1,1,1,0,1,5,-1,6,2,2
762,0,27,36,12,12,2009,5,4,0,8,1,0,1,1,1,2,-1,2,2,2
763,0,58,60,11,13,2007,6,7,5,4,2,0,1,0,1,3,2,0,2,2
764,0,26,29,16,16,2015,7,7,0,9,1,0,1,0,1,4,-1,6,2,2
765,0,55,46,14,12,1990,2,4,0,20,2,1,1,0,3,5,-1,2,2,2
766,0,41,40,16,13,1998,7,5,0,6,1,1,1,0,1,4,-1,6,1,1
767,0,27,42,12,12,2005,7,4,10,6,1,0,2,0,3,4,1,0,2,2
768,0,29,22,14,14,2007,5,2,5,8,1,0,2,0,1,2,1,0,2,2
769,0,28,33,13,12,2007,5,4,15,9,1,1,1,0,2,4,1,0,2,2
770,1,40,35,12,13,1999,4,4,3,15,1,1,1,0,3,4,2,0,2,2
771,0,47,36,11,12,2001,7,7,5,11,1,1,2,0,1,1,-1,0.75,2,2
772,0,52,50,16,13,1990,7,6,0,16,1,1,2,0,1,5,-1,7,2,2
773,0,29,28,17,17,2009,6,6,0,18,1,0,4,0,1,4,2,0,1,2
774,0,66,63,16,17,1978,1,1,4,15,1,1,1,0,1,3,1,0,1,1
775,0,47,44,12,12,2014,3,4,3,15,1,0,1,0,3,5,1,0,2,2
776,0,64,60,11,14,1976,1,1,6,10,1,1,1,0,1,3,-1,6,2,1
777,0,55,59,11,12,1982,3,3,0,12,1,1,1,0,3,4,1,0,2,2
778,0,58,57,20,20,1979,5,7,1,18,1,1,3,1,3,4,-1,6,1,2
779,1,35,34,13,12,2000,3,3,3,13,1,1,1,0,2,3,1,0,2,2
780,1,54,54,14,14,2016,5,4,2,4,2,0,1,0,1,3,2,0,2,2
781,0,44,27,16,13,2015,7,6,0,13,1,1,1,0,2,4,-1,0.75,2,2
782,0,66,64,16,16,1999,5,7,0,20,1,1,1,0,1,5,-1,3,2,2
783,0,30,22,13,13,2016,3,4,2,11,1,0,1,0,1,2,1,0,2,2
784,1,53,50,12,12,2017,7,4,NA,4,2,0,2,0,3,1,2,0,1,2
785,0,55,57,17,13,1984,7,7,1,19,1,1,1,0,1,3,-1,3,2,2
786,0,61,62,17,16,1981,7,7,8,16,1,1,1,0,2,5,-1,6,2,2
787,1,29,28,17,13,2017,6,4,5,12,2,0,2,0,2,5,-1,0.75,2,2
788,0,73,79,13,12,1962,7,7,2,12,1,1,1,0,3,4,-1,6,2,2
789,0,26,25,12,12,2011,3,4,9,11,1,1,1,0,2,3,-1,0.75,2,2
790,0,54,56,17,16,1979,5,5,0,17,1,1,1,0,2,5,-1,2,2,2
791,0,64,65,16,12,2002,5,5,0,19,1,1,3,1,1,5,-1,4,2,2
792,1,18,18,11,12,2016,1,1,3,11,1,1,1,0,1,3,1,0,1,1
793,0,32,33,17,17,2012,2,2,50,17,1,1,1,0,1,3,-1,0.75,2,2
794,0,40,36,16,16,2010,7,7,0,21,1,1,1,0,1,5,-1,6,2,2
795,0,59,59,13,16,1998,2,7,0,13,1,1,1,0,1,3,-1,7,2,2
796,0,65,64,11,13,1981,2,1,0,10,1,1,1,0,3,5,-1,3,2,1
797,0,24,22,16,16,2015,2,1,1,13,2,0,1,0,1,5,-1,0.25,1,1
798,0,42,41,14,12,1998,2,5,3,16,1,0,1,0,3,3,-1,0.25,2,2
799,0,68,67,14,13,1968,7,7,0,12,1,1,1,0,1,3,-1,0.75,2,2
800,0,58,61,16,16,1987,6,7,0,16,1,1,1,0,2,4,-1,6,2,2
801,0,38,-1,5.5,12,2007,3,3,0,10,1,1,1,0,1,-1,-1,0.75,2,2
802,0,75,73,17,17,1966,1,1,2,20,1,1,1,0,1,5,2,0,2,2
803,0,40,41,10,12,1993,5,5,9,11,1,1,1,0,2,3,-1,2,2,2
804,0,61,61,12,12,1971,6,7,15,15,1,1,1,0,1,3,-1,0.75,2,2
805,0,48,46,17,16,1989,7,5,1,16,1,1,1,0,3,5,-1,4,2,2
806,0,54,56,12,16,1985,2,3,20,11,1,1,5,1,1,4,-1,0.75,1,NA
807,0,52,44,13,16,1992,6,4,0,7,1,1,3,0,1,3,-1,7,1,1
808,0,43,41,16,16,1995,3,4,0,18,1,0,1,0,2,5,-1,0.25,2,2
809,0,29,27,13,12,2005,3,4,1,10,1,0,1,0,2,1,-1,2,2,2
810,0,40,35,12,13,2008,2,1,4,13,1,1,1,0,1,2,1,0,2,2
811,0,44,37,14,16,2007,2,5,1,16,1,1,1,0,2,3,1,0,2,2
812,0,47,51,13,14,2004,6,4,0,13,2,1,1,1,2,5,-1,3,1,2
813,0,58,65,12,12,1976,2,3,11,13,2,1,1,0,2,5,-1,0.75,2,2
814,1,33,34,16,16,2017,3,1,0,13,2,0,1,0,1,3,-1,0.75,2,2
815,1,25,42,14,12,2014,6,4,10,7,2,0,1,0,1,2,1,0,2,2
816,0,33,43,16,16,2008,5,5,3,21,1,1,1,0,3,4,-1,6,2,2
817,0,51,46,16,16,2013,3,1,3,20,1,0,1,0,1,3,-1,6,2,2
818,0,41,39,16,16,2012,6,5,0,17,1,1,1,1,2,4,-1,4,2,2
819,0,51,52,16,16,1997,1,3,0,19,1,1,1,0,2,5,1,0,2,2
820,0,63,66,12,12,1969,3,2,3,12,1,1,1,0,2,5,2,0,1,2
821,0,31,36,12,12,2005,3,4,0,8,1,1,1,1,2,3,-1,3,2,2
822,0,46,37,13,17,2010,7,1,0,10,1,0,1,0,2,5,-1,0.25,1,1
823,0,24,27,16,12,2016,2,3,2,17,2,0,1,0,1,5,-1,3,2,2
824,0,46,48,20,20,1990,2,7,2,14,1,1,4,1,2,5,-1,6,2,2
825,1,41,42,13,12,2009,4,3,6,7,2,0,1,0,3,4,-1,0.75,2,2
826,0,56,61,11,13,1978,4,4,1,4,1,1,1,0,1,1,2,0,2,2
827,0,51,46,12,12,2000,2,5,2,16,1,1,1,0,1,5,-1,2,2,2
828,1,35,28,12,12,2016,6,6,0,1,2,0,1,0,3,3,1,0,2,2
829,1,41,51,16,17,2014,5,2,0,13,2,0,1,0,2,3,-1,4,2,2
830,0,55,55,13,16,1981,1,3,10,15,1,1,1,0,1,4,1,0,2,2
831,0,43,45,12,13,1991,1,3,0,10,1,1,1,0,2,3,-1,3,2,2
832,0,53,52,16,14,1994,2,3,0,20,1,1,1,1,1,1,1,0,2,2
833,0,33,33,16,16,2003,1,3,1,18,1,1,1,0,1,3,1,0,2,2
834,0,34,38,17,16,2001,6,1,0,7,1,1,1,0,1,3,-1,3,2,2
835,0,54,54,12,12,1979,1,3,3,8,1,1,1,0,1,5,3,0,2,2
836,1,62,60,13,13,2015,1,5,0,8,2,0,1,0,3,5,-1,5,2,2
837,0,49,53,12,12,1983,3,4,6,5,1,1,1,0,2,5,-1,6,2,2
838,0,28,31,13,16,2012,3,3,1,11,1,0,1,0,2,5,-1,4,1,1
839,0,53,64,20,14,1998,7,7,3,16,1,1,1,0,2,4,2,0,2,2
840,0,58,64,13,12,1979,2,1,0,14,1,1,1,0,1,3,3,0,2,2
841,0,70,55,16,12,1996,3,4,0,18,2,0,1,0,1,5,-1,6,2,2
842,0,65,64,14,14,1971,3,1,1,9,1,1,1,0,1,4,-1,0.75,2,1
843,1,40,38,16,13,NA,1,4,0,16,1,1,1,0,3,1,-1,0.75,2,2
844,0,31,30,16,16,2011,5,6,0,16,1,1,1,0,1,3,-1,6,2,2
845,0,34,41,16,13,2004,7,6,2,16,1,1,1,0,1,5,-1,6,1,2
846,0,29,36,16,13,2013,7,5,1,13,1,0,2,1,1,3,-1,5,2,2
847,0,33,32,17,17,2002,7,6,4,19,1,1,1,0,1,5,2,0,2,2
848,0,33,39,16,16,2005,6,7,0,14,1,1,1,0,1,3,-1,6,2,1
849,0,33,30,12,13,2007,1,3,4,16,1,0,1,0,2,3,1,0,2,2
850,0,33,30,14,16,2004,3,4,0,14,1,1,1,0,1,2,1,0,2,2
851,0,55,45,12,13,1990,1,1,1,19,1,1,3,1,2,-1,-1,0.75,2,2
852,0,28,29,16,17,2009,1,1,7,12,1,1,1,0,1,4,-1,6,2,2
853,0,39,42,12,12,2007,5,4,NA,6,1,1,4,1,2,3,2,0,2,2
854,0,27,29,13,14,2011,3,3,6,9,1,1,1,0,1,3,-1,3,2,2
855,0,28,29,13,13,2007,3,4,0,4,1,1,1,1,1,4,-1,4,1,1
856,0,30,31,14,16,2005,7,5,5,14,1,1,1,1,1,4,-1,5,2,2
857,0,26,38,13,16,2011,7,7,5,11,1,0,1,0,2,5,-1,4,2,2
858,0,27,29,16,16,2012,2,5,0,18,1,1,1,0,1,4,-1,5,2,2
859,0,30,32,20,17,2010,2,7,1,15,1,1,1,0,1,4,-1,7,2,2
860,0,54,51,17,13,2001,5,7,4,20,1,1,2,0,1,2,-1,6,2,2
861,0,39,43,13,20,1998,5,5,10,20,1,1,1,0,1,4,-1,6,2,2
862,0,34,37,17,17,2008,3,3,3,19,1,1,1,0,2,3,-1,6,2,1
863,0,30,34,13,13,2008,4,4,2,12,1,1,1,1,2,3,-1,6,2,2
864,0,28,37,16,17,2007,5,6,4,15,1,0,1,0,2,3,2,0,2,2
865,0,31,32,12,13,NA,1,3,3,15,1,1,1,0,1,5,1,0,2,2
866,0,34,37,14,13,2007,3,4,8,16,1,0,1,0,1,1,-1,6,2,2
867,0,64,58,12,14,1982,2,3,0,11,1,1,1,0,1,5,2,0,2,2
868,0,33,29,16,16,2011,7,7,1,16,1,0,1,1,2,4,-1,4,2,2
869,0,65,68,12,14,1971,3,4,8,13,1,1,4,0,1,4,-1,7,2,2
870,0,32,30,20,20,2007,5,7,2,20,1,1,1,0,2,5,-1,0.25,1,2
871,0,41,51,12,12,1999,3,1,1,9,1,1,1,0,1,3,1,0,2,2
872,0,68,68,12,12,2005,2,3,6,7,1,0,1,0,3,5,2,0,2,2
873,0,69,68,12,12,1965,3,1,13,7,1,1,1,0,3,-1,-1,2,2,2
874,0,43,36,16,16,2000,3,3,2,14,1,1,1,0,2,3,-1,0.75,2,2
875,0,30,32,16,12,2010,7,7,0,14,1,1,1,0,1,4,-1,5,2,2
876,0,61,62,14,12,1976,3,3,1,17,1,1,1,0,1,5,3,0,2,2
877,0,62,62,16,16,1990,3,3,0,13,1,1,1,0,2,5,-1,4,2,2
878,0,37,35,17,17,1991,6,4,6,16,1,1,1,0,2,3,2,0,2,2
879,0,74,75,16,16,1961,1,1,0,13,1,1,1,0,1,5,2,0,2,2
880,0,45,49,14,13,2005,3,3,0,11,1,1,1,0,1,5,1,0,2,2
881,0,26,24,16,16,2012,2,5,4,16,1,1,1,0,1,4,-1,0.75,2,2
882,0,40,50,12,13,2000,5,5,0,13,1,1,1,0,1,2,-1,1,2,2
883,0,69,67,13,17,1980,6,4,0,16,1,1,1,0,1,3,-1,7,2,2
884,1,22,23,16,13,2016,6,7,3,15,2,0,1,1,2,5,-1,5,2,2
885,0,68,69,12,12,1967,1,1,1,17,1,1,1,0,2,5,-1,0.75,2,2
886,1,50,59,10,10,2014,5,4,0,8,1,0,1,1,2,2,2,0,2,2
887,0,66,65,14,14,2009,3,3,0,8,1,0,3,1,1,5,-1,4,1,2
888,0,47,49,14,12,1985,6,2,3,17,1,1,1,0,4,4,-1,2,2,2
889,0,51,51,12,16,2011,3,7,0,19,1,0,1,0,1,3,-1,0.25,2,2
890,0,56,53,14,13,1993,4,4,16,16,1,1,1,0,2,4,1,0,2,2
891,0,31,28,16,16,2010,5,7,1,11,2,0,1,0,2,5,-1,5,2,2
892,0,32,35,12,12,2003,5,4,1,4,1,1,1,0,1,4,2,0,2,2
893,0,26,30,16,12,2011,7,3,2,10,1,0,1,0,1,4,-1,2,2,2
894,0,32,30,20,16,2008,7,7,1,17,1,0,1,1,1,4,-1,6,2,2
895,0,32,34,12,13,2008,5,4,5,13,1,1,1,0,2,5,2,0,2,2
896,1,28,38,13,13,2010,7,7,3,9,1,0,1,1,2,2,-1,7,2,2
897,0,29,23,14,12,2014,1,3,4,11,1,0,1,0,1,2,1,0,2,2
898,1,32,41,17,12,2007,7,4,5,15,2,1,1,0,4,5,-1,4,2,2
899,1,28,24,13,13,2016,6,4,3,11,2,0,2,0,3,2,-1,5,2,2
900,0,47,41,12,12,1999,6,6,5,12,1,1,5,0,1,1,1,0,2,2
901,0,36,29,16,20,2008,2,7,3,13,1,1,1,0,2,4,1,0,2,2
902,0,34,33,16,16,2009,3,3,10,19,1,1,1,0,2,4,-1,6,2,2
903,1,23,26,12,12,2008,6,6,0,12,1,1,1,1,1,-1,2,0,2,2
904,1,31,27,17,17,2016,6,5,3,16,2,0,1,0,1,2,1,0,1,2
905,0,55,55,16,17,1978,1,1,3,18,1,1,1,0,1,4,-1,6,2,2
906,0,43,43,12,13,1991,2,4,0,19,1,1,1,0,1,2,3,0,2,2
907,0,60,58,13,17,1987,7,7,0,20,1,1,1,0,1,5,-1,6,2,2
908,0,61,58,16,12,2007,3,3,0,18,2,0,1,0,2,5,-1,5,2,2
909,0,56,59,13,13,1983,3,2,7,18,1,1,1,0,1,5,-1,0.75,2,2
910,0,48,47,12,12,1991,7,7,2,4,2,0,1,0,3,5,-1,0.75,2,NA
911,0,57,60,12,12,1979,5,4,5,5,2,1,1,1,2,3,1,0,2,NA
912,0,62,-1,16,NA,1975,2,-1,0,9,1,1,1,0,NA,-1,1,0,2,2
913,0,52,47,16,17,2001,3,4,5,11,1,1,1,0,1,3,2,0,2,2
914,0,36,36,12,12,2010,2,1,2,9,1,1,1,0,1,4,1,0,2,2
915,0,45,47,16,16,2010,2,3,0,13,1,1,1,0,3,3,-1,3,1,2
916,0,54,62,12,16,2003,6,7,0,14,1,0,1,0,1,4,-1,0.25,1,2
917,1,30,62,16,12,2017,7,7,0,6,2,0,1,0,2,4,1,0,2,2
918,0,40,46,17,16,2001,5,4,2,16,1,1,1,0,1,5,-1,3,2,2
919,0,19,26,13,13,2016,6,4,3,12,2,0,1,1,1,4,-1,5,2,2
920,0,69,56,17,16,1991,1,6,10,18,1,1,1,0,1,4,1,0,2,2
921,0,75,71,12,20,1975,3,1,0,12,1,1,1,0,1,2,-1,0.75,2,2
922,0,42,43,16,16,1976,5,6,1,21,1,1,2,1,1,3,-1,0.25,2,2
923,1,74,64,13,13,2003,3,1,0,19,2,0,1,0,4,5,-1,3,2,2
924,0,31,32,12,13,2010,3,4,4,10,1,1,1,0,1,3,-1,6,2,2
925,0,52,58,20,14,2002,6,1,2,19,1,1,1,0,2,5,1,0,2,2
926,1,56,58,14,13,1991,7,7,5,15,2,0,2,0,2,5,2,0,2,2
927,1,47,46,16,13,2006,1,2,1,20,1,1,1,0,2,2,-1,3,2,2
928,0,70,-1,12,12,1966,6,7,0,11,1,1,1,0,1,5,2,0,2,2
929,0,26,26,16,16,2007,1,1,10,17,1,1,1,0,1,3,-1,0.25,2,2
930,0,19,21,12,13,2016,7,7,4,15,2,0,1,0,1,4,-1,6,2,2
931,0,67,66,13,12,1970,7,6,5,16,1,1,2,0,2,4,-1,6,2,2
932,0,42,42,7.5,13,1993,7,5,2,13,1,1,1,0,3,5,-1,0.25,2,2
933,0,49,67,12,13,2009,7,4,0,4,1,0,3,0,1,3,3,0,2,2
934,0,59,53,17,12,2006,2,4,0,21,1,0,1,0,2,5,2,0,1,1
935,0,78,79,13,16,1956,1,1,2,13,1,1,1,0,1,5,-1,5,2,2
936,0,72,61,13,12,1985,2,4,4,12,1,1,1,1,3,5,2,0,2,2
937,0,45,40,16,16,2005,3,3,3,19,1,1,4,0,1,5,-1,4,2,2
938,0,75,70,13,13,1966,4,1,0,8,1,1,1,0,1,3,-1,6,2,2
939,1,26,24,12,13,2015,7,4,4,3,2,0,1,0,1,2,-1,7,2,2
940,0,63,65,20,16,1971,1,1,1,17,1,1,1,0,2,5,-1,0.75,2,2
941,0,62,59,16,12,1978,7,4,3,16,1,1,4,0,1,3,-1,4,2,2
942,0,62,58,14,13,2012,5,3,0,14,1,1,1,0,1,4,-1,7,2,2
943,0,39,41,12,12,1993,1,3,15,16,1,1,3,1,2,3,-1,0.75,2,2
944,1,26,26,16,16,2005,6,7,11,13,1,1,1,0,1,5,2,0,2,2
945,0,62,69,13,17,1971,1,1,20,15,1,1,1,0,1,4,-1,5,1,2
946,0,51,49,14,13,2005,1,1,2,19,1,1,1,0,1,2,-1,3,2,2
947,0,53,-1,13,17,1990,5,5,0,16,1,0,1,0,1,-1,-1,4,2,2
948,1,45,37,16,14,2004,1,3,4,11,1,1,1,0,3,5,1,0,2,2
949,0,76,72,20,17,1996,6,5,0,16,1,0,1,0,1,5,-1,0.25,2,2
950,0,44,47,14,12,2003,2,7,4,18,1,1,1,0,1,2,-1,4,2,2
951,1,36,30,16,13,2017,5,4,0,10,2,0,1,0,1,1,3,0,2,2
952,1,58,20,14,12,2017,5,4,5,7,2,0,1,0,2,3,-1,7,2,2
953,0,40,48,14,16,1996,7,7,4,17,1,1,2,0,2,2,-1,6,2,2
954,1,62,59,13,14,2017,5,7,0,18,2,0,1,0,2,5,-1,5,2,2
955,0,59,64,16,17,1987,3,5,0,12,1,1,1,0,2,5,1,0,2,2
956,0,75,74,12,12,1960,3,1,0,14,1,1,1,0,1,5,-1,0.25,2,2
957,0,34,34,12,20,2001,5,5,5,16,1,1,3,1,1,3,3,0,2,2
958,0,62,53,16,12,1985,7,6,0,17,1,1,1,0,1,3,-1,4,2,2
959,1,25,25,14,16,2011,5,4,6,14,1,0,1,0,2,2,1,0,1,2
960,0,40,43,13,14,1994,6,6,0,17,1,1,1,0,1,5,2,0,2,2
961,0,34,33,20,16,2012,1,2,2,20,1,1,1,0,1,3,-1,2,2,2
962,0,57,58,16,16,2009,2,1,1,16,2,0,1,0,1,2,1,0,2,2
963,0,69,70,12,12,1963,6,3,2,8,1,1,1,0,1,3,-1,7,2,NA
964,0,46,50,20,16,1996,2,1,0,20,1,1,1,0,4,5,-1,0.75,2,2
965,0,36,34,12,12,2000,1,1,2,14,1,1,1,0,1,3,1,0,2,2
966,0,26,26,16,13,2013,5,3,9,10,1,0,1,0,1,2,-1,6,2,2
967,0,53,52,17,16,1989,3,4,1,21,1,1,1,0,1,5,3,0,2,2
968,0,30,30,16,13,2008,7,5,12,16,2,0,2,1,2,3,1,0,2,2
969,0,34,34,13,17,2005,6,5,0,17,1,1,1,0,1,4,-1,0.75,2,2
970,0,50,51,12,13,1986,3,4,2,16,1,1,1,0,1,4,1,0,2,2
971,1,43,43,17,16,2012,6,3,2,11,2,0,1,0,1,5,-1,0.75,2,2
972,0,66,66,9,13,1982,1,3,0,11,1,1,3,1,2,5,-1,2,2,2
973,0,59,59,13,13,1976,5,5,0,5,1,1,1,0,1,4,-1,6,2,2
974,0,56,53,12,16,2000,2,2,2,18,1,1,1,0,1,4,-1,0.75,2,2
975,0,63,54,16,17,1989,2,7,0,19,1,1,1,0,2,3,1,0,2,2
976,0,47,52,12,13,1987,6,5,2,14,1,1,1,0,2,4,-1,0.75,2,2
977,0,51,52,17,13,1998,6,1,0,18,1,1,1,0,2,5,-1,0.75,2,2
978,0,28,29,17,17,2017,5,5,3,15,2,0,2,0,2,5,-1,0.25,2,2
979,0,50,49,17,13,1999,7,7,0,21,1,1,1,0,1,5,-1,6,2,2
980,0,69,72,12,12,1987,7,4,0,14,1,1,3,1,1,-1,2,0,1,2
981,1,25,29,16,13,2017,5,3,3,6,2,0,1,0,2,4,2,0,2,2
982,0,73,73,12,12,1963,1,1,0,10,1,1,1,0,1,5,-1,4,2,2
983,1,38,26,13,16,2013,7,7,5,14,2,0,2,1,2,2,-1,6,2,1
984,0,57,58,10,16,2012,1,1,2,1,2,0,1,0,2,-1,-1,7,2,2
985,0,58,58,12,13,1978,2,3,7,15,1,1,1,0,1,-1,1,0,2,2
986,0,59,58,16,16,1979,3,2,0,18,1,1,1,0,4,4,2,0,2,1
987,1,19,21,13,13,2016,7,5,3,20,2,0,1,0,1,3,2,0,2,2
988,0,57,57,12,12,1981,5,4,0,12,1,1,1,0,1,4,-1,2,2,2
989,0,65,60,10,12,1983,1,1,4,13,1,1,1,0,1,3,3,0,2,2
990,0,55,48,9,12,2007,5,5,0,4,1,0,1,0,2,3,3,0,2,2
991,0,86,85,12,12,1949,1,1,0,14,1,1,1,0,1,3,-1,0.25,2,2
992,0,61,59,16,13,1978,1,1,0,16,1,1,1,0,1,2,-1,7,2,2
993,0,56,59,11,12,2004,6,7,1,14,1,1,2,0,3,3,-1,7,2,2
994,0,57,56,13,13,1983,7,7,10,8,1,1,2,0,1,3,3,0,2,2
995,1,54,45,16,16,2017,2,5,0,11,2,0,1,0,2,3,1,0,2,2
996,0,37,38,16,16,2002,3,5,0,16,1,1,5,0,1,3,-1,0.25,2,2
997,0,54,46,16,16,2003,7,7,0,21,1,1,1,0,1,5,-1,2,2,2
998,0,71,70,10,13,1963,5,2,6,19,1,1,1,0,2,2,3,0,2,2
999,0,61,67,17,13,2004,7,7,0,17,1,1,1,0,1,5,1,0,2,2
1000,0,53,59,14,20,2003,2,7,2,18,1,1,1,0,1,5,-1,2,2,2
1001,0,33,34,13,13,2001,6,2,7,13,1,1,1,NA,1,4,3,0,2,2
1002,0,48,50,17,17,1985,7,4,2,17,1,1,1,0,2,3,-1,3,2,2
1003,0,28,32,13,12,2005,1,1,2,11,1,1,1,0,1,4,-1,0.25,2,2
1004,0,56,56,12,12,1996,6,4,4,13,1,1,1,0,2,5,1,0,2,2
1005,0,47,66,12,16,1999,5,7,3,11,1,0,1,0,2,5,-1,2,2,2
1006,0,52,58,13,13,1994,5,6,4,13,1,1,1,0,2,5,-1,0.75,2,2
1007,0,40,42,16,17,1995,2,2,2,15,1,1,1,0,2,4,-1,6,1,2
1008,0,55,55,20,14,1987,5,7,2,16,1,1,1,0,2,5,-1,0.25,2,2
1009,0,69,72,16,16,NA,1,3,0,12,1,1,1,0,1,5,-1,4,2,2
1010,0,81,78,16,12,1976,1,1,0,16,1,1,1,0,1,5,-1,6,2,1
1011,1,64,65,13,12,1969,5,5,0,17,2,0,1,0,2,5,1,0,2,2
1012,1,18,19,11,12,2017,5,-1,1,7,2,0,1,1,2,-1,1,0,2,2
1013,1,31,36,5.5,12,2001,3,2,3,4,1,0,1,0,2,2,2,0,2,2
1014,0,46,44,20,16,1991,6,7,10,17,1,1,4,0,1,4,-1,7,2,2
1015,0,62,57,12,14,1990,7,7,1,14,1,1,2,0,1,-1,3,0,2,2
1016,0,55,50,16,13,2012,7,7,0,17,1,1,1,0,1,2,-1,2,2,2
1017,0,43,57,14,13,1994,3,1,0,14,1,1,1,0,2,5,-1,2,2,2
1018,1,38,37,13,14,2013,5,4,15,4,2,0,1,0,3,1,-1,5,2,1
1019,0,48,48,17,17,1990,2,3,2,16,1,1,1,0,1,3,-1,2,2,2
1020,0,25,34,13,12,2010,4,-1,0,13,1,1,5,NA,2,3,-1,7,2,2
1021,0,62,57,13,12,1987,2,4,10,13,1,1,1,0,1,3,-1,5,2,2
1022,0,52,68,17,17,1993,6,4,0,15,1,0,1,0,2,5,-1,5,2,2
1023,0,65,61,17,14,1982,3,4,0,13,1,1,4,0,2,5,-1,3,2,2
1024,1,30,21,16,13,2016,5,7,9,11,2,0,2,1,2,4,-1,0.75,2,2
1025,0,32,36,16,12,2007,2,2,0,17,1,1,1,0,1,3,-1,3,2,2
1026,1,71,61,16,10,1983,3,4,1,6,2,1,1,0,2,3,2,0,2,2
1027,0,52,52,17,13,2014,5,3,5,12,1,1,1,0,1,2,-1,4,2,2
1028,0,49,47,16,13,1993,6,5,2,15,1,1,1,0,1,3,1,0,2,2
1029,1,33,33,12,12,2011,4,4,0,3,1,1,1,0,3,3,1,0,2,NA
1030,0,53,51,12,13,1984,7,7,10,17,1,1,5,0,1,2,1,0,2,2
1031,0,40,39,16,14,2003,3,4,3,17,1,1,1,0,2,5,-1,3,2,2
1032,0,70,60,14,13,1998,3,5,0,15,1,1,1,0,2,5,-1,0.75,2,2
1033,0,40,36,16,14,2006,5,6,2,15,1,1,2,1,1,3,-1,5,2,2
1034,0,36,30,14,16,2007,1,1,3,15,1,1,1,0,1,3,1,0,2,2
1035,0,58,74,12,17,1980,7,7,3,14,1,0,1,0,2,-1,-1,0.75,2,NA
1036,0,32,24,13,13,2014,6,4,5,15,1,1,2,0,1,2,1,0,2,2
1037,0,60,49,16,20,2011,7,3,1,18,1,0,1,0,1,4,1,0,2,2
1038,0,65,65,17,16,1971,7,7,0,14,1,1,1,0,1,5,-1,6,2,2
1039,0,27,25,12,12,2008,7,5,2,4,1,0,1,0,1,3,1,0,2,2
1040,0,42,35,12,12,2000,2,4,2,9,1,1,1,0,1,5,-1,2,2,2
1041,0,74,75,13,13,1957,5,7,8,11,1,1,1,0,1,5,-1,7,2,2
1042,0,57,58,16,17,1983,7,7,0,16,1,1,1,0,1,5,-1,5,2,1
1043,1,45,49,10,12,1987,3,4,2,21,1,1,1,0,3,5,-1,0.75,1,2
1044,0,62,52,13,16,1991,6,6,0,17,1,1,1,0,2,5,-1,6,2,2
1045,0,27,31,16,16,2008,6,6,2,11,1,1,1,0,1,3,-1,4,2,2
1046,0,33,31,14,13,2010,1,1,20,16,1,0,1,0,1,3,2,0,2,1
1047,0,64,47,16,12,1998,5,7,3,17,1,1,1,0,1,3,-1,5,2,2
1048,0,62,62,16,16,1978,2,1,0,20,1,1,1,0,1,3,-1,2,2,2
1049,0,59,57,17,13,2007,2,4,2,15,1,1,1,0,2,4,-1,5,2,2
1050,1,56,21,16,16,2016,5,5,0,17,1,0,4,1,1,4,-1,6,2,2
1051,0,55,55,17,17,1981,1,5,0,21,1,1,1,1,1,4,1,0,2,2
1052,0,65,70,12,12,1970,1,3,4,6,1,1,1,0,1,2,-1,0.25,2,1
1053,0,36,47,20,17,2006,5,7,7,19,1,0,1,0,2,4,-1,4,2,2
1054,0,41,43,17,16,1999,7,7,2,16,1,1,1,0,1,4,-1,4,2,2
1055,1,25,25,12,16,2016,6,7,2,8,2,0,4,0,2,3,-1,6,2,2
1056,1,21,20,12,12,2011,5,4,3,3,1,0,1,1,2,2,1,0,2,NA
1057,0,56,57,17,13,1980,2,1,6,18,1,1,1,0,1,5,1,0,2,2
1058,0,61,45,20,17,2011,2,4,0,19,2,0,1,0,1,3,3,0,2,1
1059,0,74,75,20,17,1963,7,7,0,21,1,1,1,0,1,5,-1,6,2,2
1060,0,59,59,16,12,1983,5,6,2,16,1,1,1,0,1,4,-1,5,2,2
1061,0,43,44,17,17,1998,5,3,0,15,1,1,4,0,2,3,-1,6,1,1
1062,0,38,52,12,13,2016,2,1,2,6,1,1,1,0,2,2,2,0,2,2
1063,0,27,29,12,13,2009,7,5,7,9,2,0,1,0,1,2,-1,0.25,2,2
1064,0,38,37,12,12,1996,3,4,0,10,1,1,1,0,1,3,1,0,2,2
1065,0,70,69,16,13,1966,2,3,0,9,1,1,1,0,2,5,-1,2,2,1
1066,0,36,23,14,14,2016,3,4,4,12,1,0,1,1,3,4,1,0,2,2
1067,0,60,57,13,13,1986,2,4,5,12,1,1,5,0,2,4,1,0,1,2
1068,0,41,43,16,16,1994,7,7,18,16,1,1,1,0,2,5,-1,4,1,2
1069,1,46,35,16,16,2015,3,5,0,10,2,0,1,0,1,2,-1,4,2,2
1070,0,37,45,14,17,2007,6,4,0,9,1,1,2,0,2,4,-1,0.75,2,2
1071,0,51,34,12,12,2014,5,4,0,2,1,0,1,0,2,3,1,0,2,2
1072,0,53,54,14,12,1982,5,5,0,8,1,1,1,0,1,5,3,0,2,2
1073,0,61,53,16,13,1992,3,2,2,17,2,1,1,0,3,5,-1,6,2,2
1074,0,69,64,12,13,1982,6,1,0,11,1,1,1,0,2,3,-1,7,1,2
1075,0,71,62,17,17,2004,7,5,1,12,2,0,2,0,1,4,-1,6,2,2
1076,0,61,65,17,14,1987,7,7,2,14,1,1,1,0,1,5,-1,6,2,2
1077,0,50,49,16,14,1999,1,1,0,15,1,1,1,0,1,4,1,0,2,2
1078,0,43,43,20,14,1990,1,1,5,16,1,1,1,0,1,3,2,0,2,2
1079,0,63,62,12,13,1987,2,3,0,13,1,1,1,0,1,5,1,0,2,2
1080,0,37,50,16,12,2009,5,5,0,11,1,1,1,0,3,4,1,0,2,2
1081,0,63,63,12,12,1974,3,4,4,16,1,1,1,0,1,5,-1,6,2,NA
1082,0,26,33,16,13,2013,5,4,3,12,1,1,1,0,1,3,-1,6,2,NA
1083,0,56,65,13,12,1987,5,4,0,20,1,1,1,0,1,5,1,0,2,2
1084,0,55,56,16,12,1996,1,1,0,17,1,1,1,0,2,5,-1,0.25,2,2
1085,0,52,47,17,13,1991,2,4,0,18,1,1,2,1,1,5,-1,4,2,2
1086,1,48,49,16,16,1995,3,5,0,18,1,1,1,0,3,5,1,0,2,2
1087,0,33,33,13,16,2004,4,4,2,15,1,1,1,0,1,2,1,0,2,2
1088,0,54,54,13,12,2016,7,7,4,5,2,0,1,0,1,2,-1,3,2,2
1089,0,60,54,14,12,2001,1,3,20,16,1,1,1,0,1,3,-1,2,2,2
1090,0,67,54,20,14,2012,7,7,4,18,1,0,1,1,1,3,-1,4,2,2
1091,0,34,32,13,13,2002,4,4,2,10,1,1,1,0,1,-1,-1,0.75,2,2
1092,1,27,23,16,16,2017,1,4,1,18,2,0,1,0,3,1,1,0,2,2
1093,1,27,46,13,14,2016,4,4,3,1,2,0,1,0,1,2,1,0,2,2
1094,0,79,79,13,13,1962,3,3,10,13,1,1,1,0,3,5,-1,4,2,2
1095,0,21,22,12,13,2016,5,4,NA,18,2,0,4,0,1,5,2,0,2,2
1096,0,74,74,12,13,1978,7,7,3,14,1,1,1,0,1,5,2,0,2,2
1097,0,56,50,20,20,1996,1,1,0,16,1,1,1,0,3,5,-1,0.75,2,2
1098,0,53,59,12,13,1982,2,4,1,13,1,1,1,0,2,5,3,0,2,2
1099,0,41,48,16,13,2012,5,7,6,8,1,1,1,0,2,4,-1,5,2,2
1100,0,54,27,14,13,2010,5,7,1,15,1,0,3,1,2,3,1,0,2,2
1101,0,62,64,9,12,1971,4,3,0,11,1,1,3,1,1,4,2,0,1,2
1102,0,71,69,16,17,1967,1,3,0,18,1,1,1,0,1,4,2,0,2,2
1103,0,56,45,12,16,2002,3,1,0,16,1,1,1,0,2,5,-1,0.75,2,2
1104,0,55,58,14,14,1991,1,1,15,11,1,1,1,0,2,4,-1,2,2,NA
1105,0,28,24,14,16,2005,1,3,20,15,1,1,1,0,1,2,1,0,2,2
1106,0,60,60,12,12,1987,1,1,0,12,1,1,1,0,2,5,1,0,2,2
1107,0,34,31,16,20,2007,1,3,50,19,1,1,1,0,1,3,-1,0.75,2,2
1108,0,57,56,12,14,1976,2,1,0,19,1,1,1,0,1,5,-1,6,2,2
1109,0,34,36,16,16,2007,7,7,3,11,1,1,1,0,1,3,-1,7,2,2
1110,0,60,42,20,17,2000,7,7,0,16,1,1,1,1,1,5,-1,2,2,2
1111,0,52,56,12,13,1984,1,1,4,17,1,1,1,0,1,3,-1,0.75,1,2
1112,1,27,36,14,17,2017,6,6,1,11,2,0,1,0,3,5,1,0,2,NA
1113,0,39,42,9,12,2015,6,4,11,1,1,0,NA,NA,1,1,-1,3,1,2
1114,0,52,26,17,13,2010,1,1,2,16,1,0,1,0,1,5,-1,2,2,2
1115,0,60,60,16,16,1986,1,1,4,16,1,1,1,0,1,5,-1,0.25,2,2
1116,0,60,61,16,14,2004,7,7,5,6,2,0,2,0,3,5,2,0,2,2
1117,1,37,35,14,13,2017,3,4,5,16,2,0,1,0,3,3,-1,0.75,2,2
1118,0,42,40,16,16,2002,7,7,0,18,1,1,1,1,1,3,-1,0.75,2,2
1119,0,69,70,20,20,1965,2,3,0,16,1,1,1,0,1,-1,-1,0.75,2,2
1120,0,24,26,12,12,2004,7,7,5,21,2,0,2,0,1,1,1,0,2,2
1121,0,47,44,13,12,1988,1,1,7,16,1,1,1,0,1,1,-1,0.75,2,2
1122,0,78,77,12,12,1956,4,4,7,17,1,1,1,0,1,5,2,0,2,2
1123,0,50,48,16,12,1992,2,1,8,16,1,1,1,0,2,3,-1,0.75,2,2
1124,0,80,68,12,17,1987,1,1,1,20,1,1,1,0,1,5,3,0,1,2
1125,0,79,78,12,16,1995,5,5,0,15,1,1,2,0,1,5,2,0,2,2
1126,0,52,49,14,12,1990,2,5,0,8,1,1,1,0,4,5,3,0,2,2
1127,0,58,56,13,14,1984,1,4,1,17,1,1,1,0,1,3,2,0,2,2
1128,0,27,27,13,13,2012,5,4,0,3,1,0,1,0,1,3,-1,6,2,2
1129,0,32,34,16,16,2005,6,5,1,12,1,1,1,1,2,5,-1,7,2,2
1130,0,58,66,16,14,1981,6,4,1,10,1,1,1,0,1,5,-1,4,1,2
1131,0,63,64,13,17,1970,1,1,0,17,1,1,1,0,1,4,1,0,2,2
1132,0,56,51,16,14,1986,5,5,0,12,1,1,1,0,2,4,-1,0.75,2,2
1133,0,23,22,13,14,2015,3,5,3,16,2,0,1,1,1,5,1,0,2,2
1134,0,29,27,20,20,2012,5,5,3,12,2,0,4,1,1,5,-1,4,2,2
1135,0,43,43,13,16,2005,7,5,4,12,1,1,2,0,1,2,-1,6,2,2
1136,0,61,63,12,12,1975,2,3,2,14,1,1,1,0,1,3,1,0,1,2
1137,0,49,42,7.5,7.5,1997,4,4,1,8,1,1,1,0,3,4,3,0,2,2
1138,0,66,63,12,16,1985,2,2,0,9,1,1,1,0,3,-1,2,0,2,2
1139,1,22,22,13,13,2016,3,1,3,19,2,0,1,0,2,2,-1,0.75,1,2
1140,0,46,55,14,16,2014,6,4,0,16,1,0,1,0,1,3,-1,6,2,2
1141,0,67,70,17,13,1965,7,7,1,16,1,1,2,0,1,5,-1,5,1,2
1142,0,62,67,5.5,12,1987,1,1,6,10,1,1,1,0,1,4,2,0,1,2
1143,0,68,69,13,13,1963,7,1,4,15,1,1,1,0,1,5,-1,6,1,2
1144,0,45,51,13,13,2004,4,4,5,16,1,1,1,0,1,5,1,0,2,2
1145,0,76,70,17,13,1976,7,4,0,18,1,1,1,0,1,5,-1,7,2,2
1146,0,35,55,16,13,2015,6,6,8,12,1,1,2,0,3,2,-1,0.75,2,2
1147,0,53,60,12,12,1986,4,5,0,12,1,1,5,1,1,4,1,0,2,2
1148,0,52,61,16,16,1984,6,5,0,17,1,1,1,0,2,5,-1,4,2,2
1149,0,28,28,16,16,2011,1,1,0,12,1,1,1,0,1,3,-1,3,2,1
1150,1,38,48,12,16,2017,7,7,2,2,2,0,1,0,2,5,-1,0.75,2,2
1151,0,77,81,12,13,1956,1,1,3,12,1,1,4,0,1,3,-1,7,1,2
1152,0,63,63,17,12,1978,3,7,2,13,1,1,3,0,2,1,1,0,2,2
1153,0,53,53,13,12,1981,6,5,0,11,1,1,1,0,1,3,-1,3,2,2
1154,0,66,54,13,14,1986,7,7,3,10,1,1,1,0,1,3,-1,0.25,2,1
1155,0,71,68,14,20,1972,3,3,6,21,1,1,1,0,3,5,2,0,2,2
1156,0,36,35,13,13,2006,3,4,2,11,1,1,1,0,2,2,2,0,2,2
1157,0,59,59,14,14,1991,6,7,1,13,1,1,1,0,2,5,-1,3,2,2
1158,0,68,68,14,14,1989,5,4,6,12,1,1,1,0,1,5,-1,6,2,2
1159,0,38,50,12,12,1997,3,4,0,5,1,1,1,0,2,1,-1,0.75,1,1
1160,0,62,70,13,14,1994,7,6,20,16,1,1,2,0,1,5,1,0,2,NA
1161,0,55,61,16,17,2001,3,4,5,12,1,1,1,0,1,5,2,0,2,2
1162,0,61,60,20,20,1983,7,7,0,18,1,1,1,0,1,5,-1,0.75,2,2
1163,0,81,81,16,12,2002,1,3,1,16,1,1,1,0,1,5,2,0,2,NA
1164,0,47,56,20,16,2009,5,4,0,17,1,0,1,0,3,-1,-1,6,2,2
1165,0,74,66,7.5,12,1970,6,3,0,11,1,1,1,0,2,5,3,0,2,2
1166,0,64,65,16,14,1972,7,5,2,14,2,1,2,0,2,5,-1,6,2,2
1167,0,70,74,12,12,1985,7,7,0,9,1,0,1,0,2,5,-1,0.25,2,2
1168,0,62,65,16,16,1992,7,7,1,18,1,1,1,0,2,5,-1,3,2,2
1169,0,71,76,16,14,1968,1,1,10,16,1,1,1,0,1,-1,-1,6,2,NA
1170,0,63,60,12,12,2001,1,1,20,15,1,1,1,0,1,4,3,0,2,2
1171,0,66,69,12,12,1969,7,4,8,10,1,1,1,0,1,5,-1,0.75,2,2
1172,0,56,50,16,20,1990,7,5,3,17,1,1,1,0,2,3,1,0,2,2
1173,1,36,36,12,17,2017,1,4,11,1,2,0,2,0,1,5,1,0,2,2
1174,0,49,44,16,20,1996,2,4,1,19,1,1,NA,NA,1,4,-1,2,2,2
1175,1,18,18,9,11,2017,3,4,4,5,2,0,1,0,3,-1,-1,0.75,2,NA
1176,0,47,58,12,14,2001,3,4,5,1,1,0,5,1,1,2,-1,6,2,2
1177,0,27,29,14,16,2011,3,4,3,17,1,0,1,0,1,3,-1,5,2,2
1178,0,27,29,16,16,2011,2,4,3,11,1,1,1,0,1,3,-1,0.25,2,2
1179,1,32,36,16,13,2010,7,4,0,14,1,0,1,0,3,3,-1,6,2,2
1180,0,29,29,17,17,2005,5,7,0,13,1,1,4,1,1,3,-1,6,2,2
1181,0,41,42,14,17,1997,5,5,0,11,1,1,1,0,1,4,2,0,2,2
1182,0,58,61,17,14,1981,7,7,2,21,1,1,1,0,1,5,-1,6,2,2
1183,0,56,54,13,13,1985,3,1,0,9,1,1,1,0,2,5,-1,3,2,1
1184,0,24,21,16,16,2017,2,3,3,21,2,0,1,0,2,2,-1,3,2,2
1185,0,55,57,14,14,1990,6,3,2,9,1,0,1,0,2,5,-1,0.25,2,2
1186,0,46,49,13,12,1989,5,2,0,16,1,1,1,1,2,5,-1,0.75,1,2
1187,0,52,55,14,14,1986,7,7,2,19,1,1,1,0,1,3,-1,2,2,2
1188,0,62,64,12,13,1970,2,1,1,19,1,1,1,0,1,5,-1,0.75,2,2
1189,1,44,34,13,13,2004,3,1,2,15,2,0,1,0,2,2,-1,7,NA,2
1190,0,42,36,13,16,2011,3,5,2,16,1,0,1,1,2,4,-1,0.25,2,2
1191,0,79,67,17,17,1979,7,7,0,16,1,1,1,0,1,4,-1,6,2,2
1192,0,76,80,13,12,1957,5,4,0,7,1,1,1,0,1,5,-1,0.25,2,2
1193,0,52,50,13,12,1983,2,4,7,16,1,1,1,0,1,2,1,0,2,2
1194,0,64,66,13,20,1999,3,4,0,8,1,1,1,0,2,5,1,0,2,1
1195,0,30,36,12,12,2004,3,4,0,10,1,1,1,0,2,5,1,0,2,2
1196,0,70,72,17,17,2015,3,2,6,5,2,0,1,0,1,5,-1,6,1,NA
1197,0,65,59,17,17,1992,5,6,0,16,1,1,1,0,2,5,-1,2,2,2
1198,0,53,50,16,16,2011,6,5,2,18,1,1,1,0,1,3,1,0,2,2
1199,0,47,48,17,17,1994,3,5,1,17,1,1,1,0,1,3,-1,2,2,2
1200,0,52,52,14,12,1986,2,1,1,13,1,1,3,1,1,2,-1,0.25,1,2
1201,1,20,26,13,13,2016,5,4,1,16,2,0,1,0,1,3,-1,0.75,1,2
1202,0,36,36,14,13,1999,2,3,3,7,1,1,1,0,1,3,-1,7,2,2
1203,1,36,43,17,20,2017,6,1,1,16,2,0,4,1,4,2,-1,6,2,2
1204,0,70,76,12,12,1963,3,4,0,7,1,1,1,0,1,5,2,0,2,2
1205,0,60,59,16,17,1973,1,3,2,14,1,1,1,0,2,5,-1,4,2,1
1206,0,26,29,12,12,2009,6,3,2,12,1,1,1,0,1,4,1,0,2,2
1207,0,26,34,13,16,2014,7,7,10,8,1,0,1,0,2,3,1,0,2,2
1208,0,48,47,13,13,2010,7,6,0,6,1,0,1,0,2,2,2,0,2,2
1209,0,65,60,20,16,1978,5,4,0,20,1,1,1,1,1,4,-1,3,2,2
1210,0,61,63,12,16,1975,2,2,40,6,1,1,1,0,1,3,-1,0.75,2,2
1211,0,68,63,13,16,2003,2,3,0,15,1,1,1,0,1,5,2,0,2,2
1212,0,46,28,14,16,2007,3,5,1,11,1,1,1,0,1,3,-1,2,2,2
1213,0,75,76,16,20,NA,3,4,0,12,1,1,1,0,1,-1,-1,4,2,2
1214,0,57,60,16,17,1990,3,1,7,19,1,1,1,0,1,-1,3,0,2,2
1215,0,52,54,12,12,1992,2,4,0,14,1,1,1,0,2,3,1,0,2,2
1216,1,48,58,20,16,1988,7,7,10,17,2,1,1,0,1,5,1,0,2,2
1217,0,61,59,13,13,1985,5,7,25,12,1,1,1,0,1,5,3,0,2,2
1218,1,51,47,17,17,2017,7,7,7,15,2,0,1,0,1,3,-1,6,2,2
1219,0,39,30,12,10,2004,3,4,0,2,1,0,1,0,2,5,1,0,2,2
1220,0,60,63,17,12,1987,3,4,0,21,1,1,4,1,2,5,-1,0.75,2,2
1221,1,19,19,11,12,2017,6,4,1,12,2,0,1,0,2,5,1,0,2,1
1222,0,58,60,12,12,2006,1,1,6,2,1,1,1,0,1,5,2,0,2,2
1223,0,58,65,12,12,1991,1,1,7,16,1,1,1,0,1,3,-1,0.75,2,2
1224,0,58,46,12,14,2010,3,7,3,16,1,1,1,0,1,3,2,0,2,1
1225,0,70,65,16,14,1970,1,3,4,10,1,1,1,0,1,4,2,0,1,2
1226,0,49,49,13,14,1991,1,3,4,17,1,1,1,0,2,5,2,0,2,2
1227,0,27,26,13,14,2011,3,4,6,12,1,0,1,0,1,3,1,0,2,2
1228,0,68,72,12,12,1967,3,3,0,14,1,1,1,0,2,5,-1,0.75,2,2
1229,0,62,62,12,12,1972,4,4,7,8,1,1,1,0,1,4,-1,0.75,2,1
1230,0,42,45,16,17,2008,2,1,0,15,1,1,4,1,1,5,2,0,2,2
1231,0,44,45,16,16,1985,1,1,0,16,1,1,1,0,1,4,1,0,2,2
1232,0,50,63,13,12,2008,2,3,0,13,1,0,1,0,1,5,3,0,2,2
1233,0,85,58,12,13,1978,1,1,8,16,1,1,1,0,2,5,-1,7,1,1
1234,0,59,55,16,16,1978,7,7,0,18,1,1,1,0,1,4,-1,6,2,2
1235,0,39,25,14,12,2013,5,4,0,14,1,0,3,0,1,3,-1,5,2,2
1236,0,60,60,12,12,1973,6,5,2,14,1,1,1,0,2,4,-1,2,2,2
1237,0,47,41,16,20,2006,7,7,0,16,1,1,1,0,1,3,-1,2,1,2
1238,0,45,44,16,14,2013,7,7,4,13,1,0,5,1,1,2,-1,6,2,2
1239,0,63,73,16,20,2009,1,4,10,21,1,1,1,0,1,2,2,0,2,2
1240,0,41,49,17,16,2012,1,1,0,20,1,1,4,1,1,4,-1,0.75,2,2
1241,0,58,66,17,16,1971,7,7,0,18,1,1,1,0,1,5,-1,6,2,2
1242,0,45,43,12,12,2000,2,2,1,10,2,1,1,1,2,5,-1,0.75,2,2
1243,0,26,26,16,14,2007,2,1,5,12,1,1,1,0,1,2,1,0,2,2
1244,0,59,58,17,16,1979,5,4,2,21,1,1,1,0,1,4,2,0,1,2
1245,0,55,54,20,20,1989,5,7,1,19,1,1,1,0,2,3,-1,0.75,2,2
1246,0,63,66,16,17,1979,6,6,0,18,1,1,4,1,1,5,-1,3,2,2
1247,0,69,65,16,13,1971,5,4,0,14,1,1,1,1,2,5,-1,0.75,2,2
1248,0,69,71,14,16,1963,1,1,0,18,1,1,1,0,1,5,3,0,2,2
1249,0,69,66,17,17,1976,5,4,1,16,1,1,1,0,1,5,-1,6,1,1
1250,0,25,25,16,17,2013,5,3,4,17,1,0,5,1,1,3,-1,0.75,2,1
1251,0,38,42,20,17,2004,7,7,0,15,1,1,1,0,1,4,-1,4,2,2
1252,0,36,36,11,13,2006,5,4,2,9,1,1,1,0,2,3,-1,4,1,1
1253,0,62,61,20,17,1976,6,7,1,16,1,1,1,0,2,5,-1,2,2,2
1254,0,54,63,13,17,2010,5,5,0,20,1,1,1,0,2,5,3,0,2,2
1255,0,71,69,12,13,NA,1,2,0,4,1,1,1,0,2,4,-1,0.25,2,2
1256,1,54,44,17,13,2006,1,4,0,17,1,0,1,0,2,3,1,0,2,2
1257,1,53,50,14,16,1990,3,3,6,17,1,1,1,0,4,5,2,0,2,2
1258,1,53,49,13,12,1997,7,5,2,13,2,1,1,1,2,5,-1,7,1,2
1259,0,46,45,17,16,1993,2,3,0,18,1,1,1,0,1,3,-1,0.75,2,2
1260,1,51,27,13,12,2010,1,3,15,16,1,0,1,0,2,3,-1,0.25,2,2
1261,0,55,56,17,17,1983,1,1,0,16,1,1,1,0,2,5,-1,2,2,2
1262,0,73,68,13,13,1970,7,7,0,10,1,1,1,0,1,5,3,0,2,2
1263,0,49,56,12,12,2003,1,3,3,13,1,0,1,0,1,2,1,0,2,2
1264,0,30,39,13,16,2010,3,2,2,18,1,1,1,0,2,5,2,0,1,1
1265,0,33,42,14,12,2009,2,1,0,18,1,1,1,0,1,5,2,0,2,2
1266,0,41,35,20,17,2010,3,4,0,21,1,1,1,0,1,4,-1,4,2,2
1267,0,59,53,12,12,1993,5,4,0,18,1,1,1,0,1,4,-1,0.75,2,2
1268,0,49,51,17,16,2013,3,1,1,16,1,1,1,0,2,3,-1,0.25,2,2
1269,0,65,71,13,12,1983,2,4,0,13,1,1,1,0,2,5,2,0,2,2
1270,1,50,53,10,12,2016,6,5,2,14,2,0,1,0,2,5,-1,7,2,2
1271,0,85,84,11,12,1950,6,7,3,10,1,1,1,0,1,-1,2,0,2,2
1272,0,68,70,16,16,1969,3,4,4,14,1,1,1,0,1,5,-1,6,2,2
1273,1,57,55,13,12,1983,6,7,4,13,1,1,1,0,2,4,1,0,2,2
1274,0,21,21,13,12,2006,5,4,5,10,2,0,1,0,1,5,2,0,2,2
1275,0,49,58,14,12,1998,7,7,1,10,1,1,2,1,1,4,-1,4,2,1
1276,0,44,45,13,16,1995,2,3,6,13,1,1,1,0,1,5,1,0,2,2
1277,0,35,36,12,12,1998,7,4,4,10,1,1,2,1,2,3,1,0,2,2
1278,0,36,34,17,17,2007,1,1,0,21,1,1,1,0,1,3,-1,0.75,2,2
1279,1,53,60,13,14,1993,5,5,10,6,2,1,2,0,3,5,-1,0.75,2,2
1280,0,26,27,16,16,2017,6,4,5,15,1,1,1,0,1,2,1,0,2,2
1281,0,83,78,16,13,1961,1,1,0,17,1,1,1,0,1,5,3,0,2,2
1282,0,69,57,9,12,1985,7,7,5,7,1,1,2,0,2,5,2,0,2,1
1283,0,52,60,12,13,2014,4,4,0,7,1,1,1,0,2,4,1,0,2,2
1284,0,29,29,17,20,2009,6,6,2,14,2,0,1,1,1,4,-1,3,2,2
1285,0,55,61,7.5,13,1995,7,6,0,14,1,1,5,1,3,5,-1,6,2,1
1286,0,58,66,12,12,1991,5,4,0,6,1,1,1,0,1,4,2,0,2,NA
1287,0,63,59,12,12,1975,5,4,0,12,1,1,1,0,1,3,2,0,2,2
1288,1,26,22,13,12,2016,5,4,5,13,2,0,1,0,1,3,2,0,2,2
1289,1,52,42,12,12,2013,6,5,2,10,1,0,1,0,1,2,1,0,2,NA
1290,0,55,53,13,16,1988,6,4,0,14,1,1,1,0,4,5,1,0,2,2
1291,1,26,32,13,16,2011,1,7,30,17,2,0,NA,NA,2,3,-1,6,2,2
1292,0,59,59,16,16,1983,7,7,0,19,1,1,1,0,1,2,-1,0.75,2,1
1293,0,39,36,16,16,2001,2,3,2,16,1,1,1,0,2,5,-1,0.75,2,2
1294,1,46,35,12,12,2006,4,4,2,11,2,0,1,0,2,3,-1,0.75,2,2
1295,0,59,66,13,20,1987,6,5,0,10,1,1,1,0,1,-1,1,0,2,NA
1296,0,29,25,13,13,2011,6,4,6,13,1,1,1,0,1,4,1,0,2,2
1297,0,60,74,20,16,1984,7,5,5,18,2,1,3,1,2,5,2,0,2,2
1298,1,33,30,16,13,2017,6,7,1,2,2,0,1,0,2,4,-1,0.75,1,2
1299,0,63,57,16,13,2008,5,4,4,13,1,1,1,1,1,3,-1,2,2,2
1300,0,39,35,12,12,2007,5,4,0,6,1,0,1,0,2,3,-1,6,2,2
1301,0,48,46,16,13,1992,3,3,6,13,1,1,5,0,1,4,1,0,2,2
1302,0,59,58,17,13,1987,5,2,4,19,1,1,1,0,1,3,-1,0.75,2,2
1303,0,67,72,13,11,1970,5,5,0,16,1,1,1,0,1,4,-1,7,2,2
1304,0,71,66,13,12,1986,6,5,3,15,1,1,3,1,1,5,-1,0,2,1
1305,0,61,61,13,14,1984,3,4,0,17,1,1,3,1,1,-1,-1,6,2,2
1306,1,42,42,16,14,1996,1,3,3,12,1,1,1,0,5,5,1,0,2,2
1307,0,36,36,17,17,2000,1,7,2,20,1,1,2,1,2,5,1,0,2,2
1308,0,34,33,17,20,2002,7,7,1,15,1,1,3,1,1,3,-1,6,2,2
1309,0,77,78,17,16,1966,3,3,0,13,1,1,1,0,1,-1,-1,6,2,2
1310,1,34,37,12,16,2009,5,7,0,14,1,1,2,0,2,3,-1,0.75,2,2
1311,0,27,26,16,16,2012,2,3,3,12,1,1,1,0,1,2,-1,0.75,2,2
1312,0,58,56,11,12,1979,2,4,0,10,1,1,1,0,2,5,1,0,2,2
1313,0,61,65,13,16,1974,1,1,5,16,1,1,1,0,1,3,-1,4,2,2
1314,0,40,42,16,16,1994,6,4,0,16,1,1,1,0,1,3,-1,6,2,2
1315,0,54,46,16,16,2003,7,4,0,20,1,1,1,0,1,5,-1,6,1,1
1316,0,66,76,12,12,1980,3,3,0,8,1,1,1,0,1,5,-1,5,2,2
1317,0,39,45,16,17,2008,7,-1,NA,17,1,1,1,0,1,-1,-1,0.75,2,2
1318,0,61,52,10,13,1988,7,5,4,12,1,1,1,1,1,-1,2,0,2,2
1319,0,74,79,13,12,1961,2,2,4,11,1,1,1,0,1,5,2,0,1,2
1320,1,29,30,17,16,2016,3,4,3,12,2,0,1,1,2,5,-1,0.75,2,2
1321,0,70,65,16,12,1971,5,3,0,20,1,1,1,0,1,4,2,0,2,2
1322,0,45,45,12,12,1990,6,4,20,9,1,1,1,0,1,4,-1,0.25,1,1
1323,0,47,51,16,17,NA,1,1,1,18,1,1,1,0,1,4,-1,0.75,2,2
1324,0,55,60,13,13,1982,1,-1,1,1,1,1,1,0,1,2,1,0,1,2
1325,0,58,59,12,12,1975,1,4,0,15,1,1,1,0,1,3,-1,0.75,2,2
1326,0,69,61,12,14,1990,3,1,4,13,1,1,2,1,1,4,-1,0.75,2,2
1327,0,50,28,17,14,2013,5,4,4,18,2,0,1,1,4,4,-1,5,2,1
1328,0,53,49,12,13,2014,5,6,0,13,1,1,1,0,1,2,1,0,2,2
1329,0,45,36,17,14,2011,7,7,0,15,1,0,1,0,1,2,-1,0.25,2,2
1330,0,46,47,16,16,1998,1,1,4,15,1,1,4,1,1,3,-1,6,2,2
1331,0,51,50,17,11,1984,1,5,2,12,1,1,5,NA,1,-1,2,0,2,2
1332,0,57,65,13,14,1994,2,1,0,18,1,0,1,0,1,5,-1,6,2,2
1333,0,54,56,20,14,1996,5,4,0,16,1,1,1,0,2,5,-1,6,2,2
1334,0,54,53,14,17,1991,1,4,2,20,1,1,4,1,1,3,-1,0.75,2,2
1335,0,35,37,12,12,2007,3,4,10,16,1,1,1,0,2,5,-1,NA,2,2
1336,0,50,38,14,14,2003,7,7,0,3,1,0,4,1,1,3,2,0,2,2
1337,1,51,52,12,16,2017,2,1,1,17,2,0,1,0,3,4,1,0,2,NA
1338,0,67,64,12,12,1968,3,3,0,16,1,1,1,0,1,5,1,0,2,2
1339,0,41,34,13,13,2004,7,7,3,13,1,1,1,0,1,2,-1,2,2,2
1340,0,55,55,17,17,1979,1,1,0,18,1,1,3,0,1,5,-1,7,2,2
1341,1,37,28,16,13,2015,7,5,0,10,2,0,2,0,2,4,-1,6,2,2
1342,0,27,27,16,16,2008,5,5,0,15,1,1,1,0,2,5,-1,5,2,2
1343,0,47,42,14,12,1999,7,5,1,16,1,1,2,1,2,5,-1,3,2,2
1344,0,47,49,14,13,1991,1,3,3,17,1,1,1,0,1,3,1,0,2,2
1345,0,64,63,13,14,1978,3,3,0,18,1,1,1,0,3,5,-1,6,2,2
1346,0,75,71,16,16,1970,5,7,8,21,1,1,1,0,1,-1,-1,4,2,2
1347,0,60,59,12,14,1979,2,1,10,17,1,1,1,0,1,5,-1,2,2,2
1348,0,29,23,12,12,2014,6,4,5,7,1,0,1,0,2,3,1,0,2,2
1349,0,22,27,12,12,2011,1,1,2,9,2,0,1,0,2,5,3,0,2,2
1350,1,34,29,12,10,2015,7,5,3,1,2,0,5,0,3,4,1,0,2,2
1351,0,59,60,12,13,1996,5,5,0,6,1,1,1,0,2,5,-1,6,2,2
1352,0,56,53,17,16,1985,1,1,0,16,1,1,1,0,1,4,1,0,2,2
1353,0,44,44,17,17,1995,6,5,0,17,1,1,2,0,2,4,-1,1,2,2
1354,0,73,63,7.5,10,1990,5,4,3,6,1,1,1,0,1,5,2,0,2,2
1355,1,20,24,12,12,2017,6,5,4,11,2,0,1,0,3,5,1,0,2,2
1356,0,57,61,17,17,1986,1,6,1,13,1,1,3,1,1,4,-1,6,1,1
1357,0,29,27,16,16,2008,3,3,3,13,1,1,1,0,2,3,-1,2,2,2
1358,0,40,46,11,10,1994,5,4,12,1,1,0,1,0,2,2,2,0,2,2
1359,0,29,27,16,16,2015,2,3,11,19,1,0,1,0,1,4,-1,2,2,2
1360,1,28,31,10,7.5,2013,5,4,2,9,1,0,1,1,4,5,1,0,2,2
1361,0,53,51,12,14,2013,7,7,4,11,2,0,1,0,1,5,-1,0.75,2,2
1362,0,59,60,12,12,1973,1,1,0,16,1,1,1,0,1,3,2,0,2,2
1363,0,30,33,17,14,2006,5,4,0,13,1,0,5,1,2,3,-1,7,2,2
1364,0,46,40,12,12,2002,7,7,0,7,1,1,1,0,1,2,1,0,2,1
1365,0,75,72,17,17,1964,6,6,0,16,1,1,1,0,2,5,-1,4,2,2
1366,0,61,53,14,14,2007,7,6,2,13,1,1,2,0,1,3,-1,6,2,2
1367,0,22,21,13,13,2015,1,3,3,20,2,0,1,0,1,5,-1,0.75,2,2
1368,0,25,25,16,16,2014,6,7,3,16,1,0,1,0,2,3,-1,5,2,2
1369,0,39,55,12,14,1996,2,2,1,15,1,1,1,0,1,2,2,0,2,2
1370,0,77,70,12,13,1998,1,4,0,12,1,1,1,0,1,3,-1,6,2,2
1371,0,40,37,12,13,1995,7,7,8,15,1,1,2,0,2,3,1,0,2,2
1372,0,24,27,13,12,2015,6,6,2,11,1,1,1,1,1,2,1,0,2,2
1373,0,37,38,11,12,1995,5,5,1,9,1,1,1,1,2,2,-1,0.75,2,2
1374,0,66,61,11,13,2008,6,7,4,16,1,1,1,0,2,-1,-1,4,2,2
1375,0,74,71,16,13,1964,1,1,0,20,1,1,1,0,2,5,-1,0.75,2,2
1376,0,25,26,17,16,2011,6,7,1,11,1,0,1,0,1,2,-1,5,2,2
1377,0,33,38,20,20,2013,7,7,0,21,1,0,4,1,1,3,-1,6,2,2
1378,0,37,35,20,17,2011,7,6,0,20,1,1,1,1,2,3,-1,4,2,2
1379,0,55,55,12,12,1975,7,7,6,3,1,1,2,1,1,1,-1,0.75,2,2
1380,0,45,40,17,12,2008,6,4,2,16,1,1,1,0,2,5,-1,5,2,1
1381,0,66,59,16,14,1980,3,5,0,19,1,1,1,0,1,5,3,0,1,1
1382,0,39,39,16,17,1997,4,5,0,13,1,1,1,0,1,3,-1,3,2,2
1383,0,44,49,13,16,2008,3,1,0,14,1,1,1,0,1,3,-1,0.75,2,2
1384,0,30,39,12,12,2011,1,3,5,9,1,0,1,0,1,3,1,0,2,2
1385,0,60,60,12,17,2017,6,5,1,14,2,0,5,0,2,-1,-1,3,2,NA
1386,0,66,66,13,20,1982,7,7,10,21,1,1,1,0,1,4,-1,6,2,2
1387,0,36,38,13,13,2000,2,2,2,14,1,1,1,1,1,3,-1,0.75,2,1
1388,0,68,69,14,7.5,2006,3,4,10,4,2,0,1,0,1,4,3,0,2,2
1389,0,49,49,16,17,2001,3,4,0,18,1,1,1,0,1,5,-1,7,2,2
1390,0,65,62,14,12,1975,7,7,0,16,1,1,1,0,1,5,-1,0.75,2,2
1391,1,48,37,16,16,2012,5,5,15,13,2,0,NA,NA,2,4,-1,5,2,2
1392,0,65,66,13,13,1971,3,3,15,14,1,1,1,0,1,3,2,0,2,2
1393,0,26,25,14,13,2010,6,7,6,17,1,0,5,1,1,3,-1,0.75,2,2
1394,0,77,76,13,12,1958,2,1,15,13,1,1,1,0,1,5,-1,6,2,2
1395,0,66,66,12,12,1970,1,1,0,13,1,1,4,0,1,5,-1,5,2,2
1396,0,28,27,12,13,2008,5,5,14,9,1,1,1,0,2,4,1,0,2,2
1397,0,54,57,16,16,1985,6,5,4,16,1,0,1,0,2,3,1,0,2,2
1398,0,46,48,17,12,1994,3,1,2,21,1,1,1,0,1,2,1,0,2,2
1399,0,46,47,16,13,2008,5,1,6,19,1,1,1,0,2,5,-1,6,2,2
1400,0,24,-1,17,17,NA,7,6,NA,16,1,0,1,0,1,2,1,0,2,2
1401,0,42,43,16,13,1996,2,3,3,15,1,1,1,0,1,2,-1,4,2,2
1402,0,24,27,13,16,2012,1,3,9,15,1,1,1,0,1,2,-1,3,1,1
1403,0,40,36,17,17,2005,7,7,0,21,1,1,1,0,1,4,-1,3,2,2
1404,0,59,45,13,12,2014,7,6,0,10,1,0,2,0,1,3,2,0,2,2
1405,0,78,79,12,12,1956,2,3,8,11,1,1,1,0,2,5,3,0,2,2
1406,0,36,-1,17,20,2013,3,4,2,12,1,0,4,0,3,5,1,0,1,1
1407,0,25,25,14,16,2017,7,1,0,19,1,0,1,0,2,2,2,0,1,1
1408,0,31,30,17,16,2014,6,4,10,14,1,1,3,1,1,3,-1,1,2,1
1409,0,61,65,16,14,1974,2,3,1,15,1,1,1,0,1,3,-1,2,2,2
1410,0,47,38,10,9,1999,1,1,9,11,1,0,1,0,1,2,-1,0.75,2,2
1411,1,28,40,12,12,2014,5,5,3,8,2,0,3,1,1,3,1,0,2,2
1412,0,53,55,13,16,1978,2,2,2,16,1,1,1,0,1,3,2,0,2,2
1413,0,41,48,20,17,2003,2,3,2,19,1,1,1,0,2,5,1,0,2,2
1414,0,33,33,20,13,2008,7,6,0,17,1,1,1,0,2,2,-1,6,2,2
1415,0,57,63,9,12,1984,3,1,0,17,1,1,5,1,1,3,2,0,2,1
1416,0,51,52,13,17,1990,5,5,30,19,1,1,2,0,1,3,-1,0.75,2,2
1417,0,19,22,13,13,2014,5,3,3,13,2,0,1,1,2,4,-1,7,2,2
1418,0,64,60,20,16,1980,7,4,0,16,1,0,1,0,2,5,2,0,2,2
1419,0,50,50,13,16,1992,7,1,4,14,1,1,1,0,1,3,1,0,2,2
1420,0,71,72,14,17,1970,5,7,9,17,1,1,1,0,2,5,-1,6,2,2
1421,0,43,47,12,12,1993,6,6,2,10,1,1,1,0,2,5,-1,0.75,1,1
1422,0,57,52,12,14,1984,3,4,0,14,1,1,5,0,2,-1,1,0,2,2
1423,0,29,25,14,14,2015,5,7,1,13,1,0,1,0,2,5,-1,0.75,2,2
1424,0,56,55,16,14,1991,5,6,4,13,1,1,5,1,4,3,1,0,2,2
1425,1,54,48,12,7.5,1989,7,5,2,8,1,1,2,0,1,2,3,0,2,NA
1426,0,47,47,12,16,2002,5,7,2,21,1,1,4,0,2,3,-1,5,2,2
1427,0,47,35,13,16,2016,1,5,3,7,1,1,1,0,1,2,-1,0.75,2,2
1428,0,24,38,14,13,2011,5,3,2,12,1,0,1,0,1,2,-1,0.75,2,2
1429,0,70,65,17,17,1950,6,4,1,16,1,1,3,1,1,4,-1,6,2,2
1430,1,56,54,11,13,2004,2,2,5,6,2,1,1,0,3,5,2,0,2,2
1431,0,79,74,12,12,1960,1,3,7,11,1,1,1,0,1,-1,-1,0.75,2,2
1432,0,28,27,13,13,2014,6,6,2,10,2,0,1,0,2,4,-1,3,2,2
1433,0,49,52,12,17,1992,1,1,2,17,1,1,1,0,1,3,-1,2,2,2
1434,1,48,54,12,20,2016,3,4,0,15,1,0,1,0,1,4,-1,6,2,2
1435,0,52,51,13,12,2002,5,7,0,9,1,1,1,0,1,3,1,0,2,2
1436,0,73,73,16,14,1963,3,3,1,16,1,1,1,0,1,5,-1,0.75,2,2
1437,1,60,56,14,12,1997,7,6,4,16,1,0,1,0,2,5,-1,0.25,1,2
1438,0,53,54,13,20,1982,3,1,3,18,1,1,1,0,1,5,3,0,2,2
1439,1,35,54,13,12,2013,7,7,0,5,1,0,2,0,2,1,-1,0.75,2,2
1440,0,56,56,17,13,1979,2,5,8,19,1,1,1,0,1,4,-1,5,2,2
1441,0,76,77,16,16,1961,3,4,0,9,1,1,4,0,1,4,-1,7,2,2
1442,0,65,65,13,13,1969,5,4,2,16,1,1,1,0,1,4,-1,5,2,2
1443,0,54,57,14,13,2001,7,7,5,9,1,0,1,1,3,5,-1,0.75,2,NA
1444,0,53,57,12,13,2003,5,3,0,16,1,0,1,0,1,5,-1,4,2,2
1445,0,61,59,13,12,1997,3,1,5,16,1,1,1,0,2,5,-1,5,2,2
1446,0,32,27,16,20,2011,6,6,0,11,1,1,1,0,2,3,-1,6,1,1
1447,0,32,37,16,13,2006,2,3,0,17,1,0,1,0,1,2,-1,6,2,2
1448,1,61,41,16,16,2017,3,4,1,11,2,0,1,1,2,5,-1,6,2,2
1449,0,29,27,16,16,2008,3,4,5,15,1,1,1,0,1,2,1,0,2,1
1450,0,67,64,17,17,1977,2,4,5,9,1,1,4,0,1,2,-1,6,2,2
1451,0,44,35,16,16,2003,7,1,15,11,1,1,1,0,2,5,3,0,2,2
1452,0,28,23,9,12,2006,3,1,3,1,1,1,1,0,3,1,1,0,2,2
1453,0,62,61,16,12,1978,5,5,5,13,1,1,1,0,1,5,-1,0.75,2,2
1454,0,26,27,16,20,2011,5,4,0,11,1,0,1,0,1,4,-1,3,2,2
1455,0,36,52,17,17,2010,5,5,3,17,1,1,1,0,1,4,-1,0.75,2,2
1456,0,40,36,16,16,1998,2,4,0,13,1,1,1,0,1,3,-1,0.25,2,2
1457,0,73,73,12,12,NA,3,4,5,13,1,1,1,0,1,5,3,0,2,NA
1458,0,61,61,12,14,1977,1,1,3,13,1,1,1,0,1,-1,3,0,2,2
1459,0,48,49,12,12,1992,2,1,0,13,1,1,1,0,1,4,2,0,2,2
1460,0,54,64,17,17,1989,7,7,2,20,1,1,1,0,1,5,-1,3,2,2
1461,0,55,50,13,14,1984,1,3,10,12,1,1,1,0,1,3,1,0,2,2
1462,0,63,61,17,17,1975,7,7,0,18,1,1,1,0,1,3,2,0,2,2
1463,0,57,-1,13,16,2012,4,4,0,10,1,0,3,1,1,2,1,0,2,2
1464,0,33,37,14,13,2004,5,4,2,11,1,1,1,0,1,3,1,0,2,1
1465,0,53,55,13,13,1977,2,1,13,12,1,1,1,0,1,3,-1,5,2,2
1466,0,44,41,17,12,2012,2,1,0,13,1,1,1,0,2,5,1,0,2,2
1467,0,66,71,13,12,1973,5,4,5,14,NA,1,1,0,2,5,-1,0.25,2,2
1468,0,36,39,17,16,2011,7,7,2,7,1,0,1,1,3,4,-1,4,2,2
1469,0,40,35,12,13,2006,7,7,0,16,1,1,1,0,1,3,-1,3,2,2
1470,0,54,58,12,12,1986,2,1,5,12,1,1,1,0,1,3,-1,3,2,2
1471,0,57,55,12,12,1985,3,4,6,12,1,1,1,0,1,3,2,0,2,2
1472,1,41,34,13,13,2013,5,3,0,8,2,0,1,0,1,4,-1,7,2,2
1473,0,68,63,14,12,NA,1,1,6,10,1,1,1,0,2,5,-1,0.75,2,2
1474,0,60,58,12,17,1976,5,4,0,18,1,0,1,0,1,5,-1,6,2,2
1475,0,48,55,16,16,1991,5,4,4,18,1,1,1,0,1,4,-1,0.75,2,2
1476,0,52,47,16,17,2013,7,5,4,6,2,0,2,1,2,3,2,0,2,NA
1477,0,35,33,13,17,2005,6,7,2,14,1,1,1,0,2,4,-1,4,1,2
1478,0,38,48,12,13,2004,7,5,4,12,1,1,2,0,2,4,-1,7,2,2
1479,1,40,35,13,13,2011,5,4,10,16,2,1,1,1,2,5,1,0,2,2
1480,0,42,38,12,13,2013,3,5,0,1,1,0,1,0,3,4,-1,4,2,2
1481,0,36,36,16,13,2012,6,5,0,16,1,1,2,1,2,3,-1,0.75,2,2
1482,0,61,63,16,20,1977,7,5,2,18,1,1,2,0,1,5,-1,6,2,2
1483,1,28,25,16,12,2017,7,4,1,13,2,0,1,0,5,4,1,0,2,2
1484,0,65,76,7.5,2.5,1994,5,7,2,9,1,1,1,0,1,5,-1,2,2,2
1485,0,30,30,16,16,2006,5,7,0,16,1,1,1,0,1,5,-1,5,2,2
1486,0,70,67,17,13,1968,7,7,1,16,1,1,1,0,1,5,-1,6,2,2
1487,0,33,35,16,16,2007,6,4,3,19,1,1,4,0,1,-1,-1,4,2,2
1488,0,53,62,13,12,2014,6,5,3,16,1,1,1,0,1,3,-1,5,2,2
1489,0,50,54,14,17,2003,7,5,1,17,1,1,1,0,1,5,-1,0.75,1,1
1490,0,73,79,13,16,1989,7,7,8,10,1,1,2,1,1,5,-1,6,1,1
1491,0,41,40,13,10,1998,1,3,4,13,1,1,1,0,1,3,2,0,1,1
1492,0,33,32,17,16,2017,2,5,5,15,2,0,1,0,1,5,-1,0.75,2,2
1493,0,68,58,16,14,1973,7,6,3,21,1,1,1,0,1,3,-1,0.75,2,NA
1494,0,40,35,12,13,2009,6,4,6,8,1,1,2,1,2,3,2,0,2,2
1495,0,72,70,17,13,1966,5,4,0,13,1,1,1,0,1,-1,-1,6,2,2
1496,1,28,23,16,14,2007,1,2,9,12,2,1,1,0,1,2,1,0,2,1
1497,1,37,29,11,12,2015,6,7,3,1,2,0,2,1,1,2,2,0,2,2
1498,0,51,51,17,20,2012,3,5,7,21,2,0,1,0,1,2,-1,0.75,2,2
1499,0,68,69,16,16,1967,7,6,0,14,1,1,1,0,2,5,-1,4,2,2
1500,0,58,60,16,16,1987,1,5,0,16,1,1,1,0,1,5,-1,0.75,2,2
1501,0,50,45,13,16,1995,7,7,1,16,1,1,1,0,1,3,-1,5,2,2
1502,0,74,69,12,13,1967,1,1,2,8,1,1,1,0,3,5,3,0,2,2
1503,0,53,63,12,13,1996,7,6,0,8,1,1,1,0,1,5,3,0,2,2
1504,1,56,49,12,13,2002,1,1,2,9,1,1,1,0,2,5,-1,3,2,2
1505,0,42,40,13,20,2001,7,7,2,20,1,1,1,1,1,5,-1,6,2,2
1506,0,52,41,7.5,14,1998,1,2,10,12,1,1,5,1,1,1,-1,0.25,2,2
1507,1,36,45,14,14,2010,5,3,2,10,2,0,5,1,3,4,-1,6,1,2
1508,0,37,35,12,12,2006,3,1,1,10,1,0,1,0,1,3,1,0,2,1
1509,0,28,28,16,16,2010,5,6,0,12,1,0,1,0,1,3,-1,2,2,2
1510,0,39,32,13,16,2014,7,7,0,12,2,0,1,0,1,2,-1,6,2,2
1511,1,42,24,20,16,2015,6,3,0,15,2,0,1,0,1,3,1,0,2,2
1512,1,27,29,14,16,2013,1,3,5,12,1,0,1,0,3,3,1,0,2,2
1513,0,26,24,16,16,2012,3,3,20,13,1,1,1,0,1,3,-1,0.25,2,2
1514,0,63,62,14,13,2007,1,1,10,19,1,1,1,0,1,-1,-1,3,2,2
1515,1,55,51,14,14,1992,3,3,8,16,1,1,1,0,1,3,1,0,2,2
1516,0,35,37,16,17,2007,2,1,4,16,1,1,1,0,2,4,1,0,2,2
1517,0,35,34,12,17,2009,5,4,3,12,1,1,2,1,1,2,-1,6,2,2
1518,1,25,28,16,16,2015,6,5,5,12,1,0,1,1,1,3,-1,3,2,2
1519,1,43,55,10,11,2016,5,4,6,1,2,0,1,0,3,3,-1,1,2,2
1520,0,60,45,5.5,12,2001,5,4,3,7,1,1,5,0,1,2,-1,0.75,2,2
1521,0,49,46,16,16,1997,1,4,4,20,1,1,4,0,1,2,1,0,2,2
1522,1,42,41,17,20,2004,7,7,1,17,1,1,1,0,1,4,-1,3,2,2
1523,1,26,27,13,12,2008,7,7,5,10,1,1,1,0,2,5,1,0,2,2
1524,0,38,38,16,12,2013,2,3,0,17,1,1,1,1,1,5,2,0,2,2
1525,0,57,57,12,12,1985,1,1,1,12,1,1,1,0,1,5,2,0,2,2
1526,0,45,45,12,12,1996,6,5,2,1,1,1,1,0,2,2,-1,0.75,1,2
1527,0,50,55,16,17,1989,6,6,2,20,1,1,1,0,3,5,-1,2,2,2
1528,0,69,70,12,12,1968,7,7,2,12,1,1,1,0,1,5,-1,5,2,NA
1529,0,32,32,17,16,2002,2,5,10,17,1,1,1,0,1,5,2,0,2,2
1530,0,63,59,13,13,1981,7,6,6,13,1,1,1,0,1,-1,-1,0.75,2,2
1531,0,50,47,13,16,1991,3,4,10,16,1,1,1,0,2,4,2,0,2,2
1532,0,27,27,17,16,2011,1,3,15,14,1,1,1,0,1,3,-1,0.25,2,2
1533,0,58,52,16,16,2002,3,3,6,20,1,1,1,0,1,3,3,0,2,1
1534,1,59,62,12,12,1974,3,4,12,11,2,1,1,0,5,5,1,0,2,2
1535,0,70,73,12,13,1962,1,1,0,8,1,1,1,0,1,5,2,0,2,2
1536,0,45,45,16,16,2008,1,1,2,16,1,1,1,0,1,5,-1,0.25,1,1
1537,0,62,63,13,12,2013,3,2,2,7,1,1,1,0,1,4,1,0,2,2
1538,0,56,58,9,12,2003,3,4,0,12,1,0,1,0,3,5,-1,7,2,2
1539,0,54,56,12,17,1988,5,5,0,20,1,1,1,0,2,5,-1,3,1,2
1540,0,74,54,12,14,1997,5,5,0,17,1,1,1,0,1,5,-1,0.75,2,2
1541,0,36,31,12,12,2000,6,4,10,16,1,1,1,0,2,2,1,0,2,2
1542,0,35,37,17,13,2008,6,3,4,16,1,1,1,0,2,4,-1,5,2,2
1543,0,51,53,16,20,1997,5,5,0,13,1,1,1,0,2,3,-1,0.75,2,2
1544,0,28,26,13,17,2017,5,4,0,5,2,0,1,0,2,3,-1,3,1,2
1545,0,64,64,14,13,1968,3,6,0,18,1,1,1,0,1,4,3,0,2,2
1546,0,32,33,13,12,2000,6,4,10,13,1,1,1,1,2,1,1,0,2,2
1547,0,69,68,17,16,1976,3,1,0,20,1,1,1,0,1,-1,-1,6,2,2
1548,0,41,38,13,16,1994,5,4,1,13,1,1,1,0,2,3,2,0,2,2
1549,0,38,47,20,20,2003,7,7,0,16,1,1,1,1,1,4,-1,3,2,2
1550,0,57,58,16,20,1982,5,5,2,19,1,1,1,0,1,3,2,0,2,2
1551,0,49,53,10,20,1997,1,5,5,12,1,1,2,1,2,4,1,0,2,2
1552,1,39,39,16,20,2016,6,5,3,8,2,0,1,0,2,5,-1,0.25,1,2
1553,0,65,61,14,16,1975,7,7,2,16,1,1,1,0,2,5,-1,4,2,2
1554,0,36,34,16,17,2002,1,3,0,12,1,1,1,0,2,3,-1,0.75,2,2
1555,0,55,55,16,16,1985,1,1,5,21,1,1,1,0,1,4,-1,0.25,2,2
1556,0,56,58,13,12,1986,5,5,2,16,1,1,1,0,1,4,3,0,2,2
1557,0,40,49,12,5.5,1999,1,4,19,21,1,1,1,1,2,3,-1,0.75,1,1
1558,0,71,69,17,13,1963,3,5,5,14,1,1,1,0,1,5,-1,6,2,1
1559,0,38,34,16,13,2004,1,3,10,13,1,1,1,0,1,2,1,0,2,2
1560,0,28,27,16,16,2007,3,5,4,13,1,1,1,0,2,5,-1,7,2,2
1561,0,64,65,13,13,1973,6,6,10,15,1,1,1,0,1,5,-1,2,1,1
1562,0,59,59,12,12,1985,7,7,4,16,1,1,2,0,1,1,1,0,2,2
1563,1,28,26,17,16,2016,3,4,1,17,1,1,4,0,1,2,-1,0.75,2,2
1564,0,28,27,12,13,2017,7,4,6,1,2,0,5,1,1,1,2,0,2,2
1565,0,31,33,17,17,2005,1,1,6,18,1,1,1,0,1,2,2,0,2,2
1566,0,61,56,14,16,1985,1,1,0,14,1,1,1,0,1,4,3,0,2,2
1567,0,54,48,17,13,1989,3,4,0,14,1,1,1,1,2,5,1,0,2,2
1568,0,56,62,12,12,1982,5,6,0,13,1,1,1,0,2,3,-1,5,2,2
1569,1,19,18,12,12,2017,6,5,10,16,2,0,4,1,2,2,-1,6,2,2
1570,0,34,34,20,16,2010,2,3,1,19,1,1,1,0,1,4,-1,2,2,2
1571,0,25,25,12,12,NA,4,4,2,4,2,0,1,0,1,1,2,0,2,2
1572,0,69,63,13,13,1980,7,7,3,14,1,1,1,0,1,5,2,0,2,2
1573,0,51,49,9,12,1979,5,4,0,3,1,1,1,0,2,5,2,0,2,2
1574,1,44,49,12,14,2013,5,5,0,13,1,0,1,0,2,3,-1,2,2,2
1575,0,49,51,12,12,1986,2,4,8,16,1,1,1,0,1,2,-1,0.25,2,2
1576,0,38,34,16,16,2012,2,4,2,9,1,1,2,0,1,5,-1,0,2,2
1577,0,62,60,12,12,1996,1,1,8,13,1,1,1,0,1,4,-1,0.75,2,2
1578,0,39,36,12,13,2011,5,7,0,4,1,0,1,1,2,5,2,0,2,2
1579,0,40,34,16,16,2003,3,4,0,21,1,1,4,0,2,5,-1,2,2,2
1580,0,44,46,16,12,1988,1,1,2,15,1,1,1,0,1,3,3,0,2,2
1581,0,38,33,14,16,2004,3,7,3,13,1,1,1,0,2,5,-1,0.75,2,2
1582,0,26,25,12,13,2016,1,2,3,12,1,0,4,1,1,2,1,0,2,2
1583,0,41,40,16,16,1999,3,4,0,16,1,1,1,0,3,5,-1,6,2,2
1584,0,61,60,12,13,1972,3,1,3,17,1,1,1,0,1,3,1,0,2,2
1585,0,62,64,16,16,1975,2,3,0,19,1,1,1,0,2,3,-1,6,2,2
1586,0,45,42,12,13,2003,1,1,8,12,1,1,1,0,1,2,3,0,2,2
1587,0,47,47,13,13,1986,7,7,NA,16,1,1,2,0,2,4,1,0,2,2
1588,0,52,58,12,16,1983,3,3,0,17,1,1,1,0,1,3,1,0,2,2
1589,0,38,43,16,13,2017,2,1,11,14,2,0,5,1,2,4,-1,0.75,2,1
1590,0,38,37,12,14,2001,7,5,5,14,1,1,1,0,1,5,-1,0.75,2,2
1591,0,37,29,13,16,2012,3,4,5,12,1,1,1,0,2,5,3,0,2,2
1592,1,24,23,13,14,2015,3,4,2,7,2,0,3,1,1,3,1,0,2,2
1593,0,59,58,17,17,1983,7,7,0,21,1,1,1,1,1,4,-1,5,2,2
1594,0,69,68,16,14,1998,1,1,0,19,1,1,1,0,1,4,-1,7,2,2
1595,0,55,-1,16,16,1988,6,4,0,11,2,1,4,0,2,-1,-1,NA,NA,NA
1596,0,60,61,14,16,2002,5,7,4,19,1,0,1,0,2,4,-1,7,2,2
1597,0,38,37,13,16,2014,7,5,2,12,1,0,1,0,1,2,1,0,2,2
1598,0,50,49,16,14,2007,6,5,4,17,1,1,1,0,2,2,-1,6,2,2
1599,0,73,55,13,13,1988,3,1,0,9,1,1,5,1,1,-1,3,0,2,2
1600,0,63,56,12,7.5,1996,1,3,7,18,1,1,1,0,1,5,1,0,2,2
1601,0,35,34,13,12,2009,3,4,5,11,1,1,1,0,1,3,1,0,1,2
1602,0,53,52,12,13,2000,1,1,0,8,1,1,1,0,1,4,1,0,2,2
1603,0,75,69,13,14,1996,1,7,5,11,1,0,1,0,1,5,-1,6,2,2
1604,0,58,59,14,16,1981,2,1,5,16,1,1,1,0,1,5,-1,6,2,2
1605,1,24,21,12,12,2013,7,4,10,2,1,0,1,0,1,1,-1,0.75,2,2
1606,0,36,42,13,12,2016,5,4,0,13,2,0,1,0,2,3,2,0,2,2
1607,0,69,71,13,16,2015,7,3,0,13,2,0,1,0,1,3,2,0,2,2
1608,0,54,46,17,17,2010,7,6,0,16,1,1,1,0,2,4,-1,1,1,2
1609,0,24,28,14,14,2014,5,7,1,18,1,0,1,1,1,3,-1,6,1,1
1610,0,26,28,13,12,2010,1,1,2,11,1,1,1,0,1,2,-1,0.75,2,2
1611,0,47,58,16,17,1997,1,6,0,13,1,1,1,0,2,5,-1,0.75,2,2
1612,1,41,43,14,13,1995,2,4,1,11,2,1,5,1,4,1,-1,0.75,2,2
1613,0,64,68,14,12,1972,7,7,3,12,1,1,1,0,1,5,-1,6,2,1
1614,0,30,29,17,14,2009,3,3,0,13,1,1,1,0,1,2,-1,2,2,2
1615,0,50,50,12,13,2009,1,4,0,11,1,0,1,0,1,3,-1,0.75,2,2
1616,0,58,57,12,16,1982,7,6,0,12,1,1,1,0,3,5,3,0,2,2
1617,1,41,37,10,12,2017,5,4,1,8,2,0,1,0,1,5,3,0,2,NA
1618,0,31,28,14,12,2017,6,4,3,11,2,0,1,0,2,1,-1,6,1,2
1619,0,40,36,12,12,2016,7,7,3,9,2,0,1,0,3,5,2,0,2,2
1620,0,36,37,20,16,1998,3,5,1,17,1,1,1,0,1,3,1,0,2,2
1621,0,69,70,13,14,1968,3,3,0,13,1,1,1,0,1,5,2,0,2,2
1622,0,60,65,17,13,1987,3,3,5,15,1,1,1,0,1,5,-1,2,1,NA
1623,0,70,72,20,20,1973,6,7,5,19,1,1,1,0,1,5,3,0,2,2
1624,0,49,51,17,16,1997,3,1,5,17,1,1,1,0,1,5,-1,7,2,2
1625,0,43,43,16,12,1996,3,1,4,18,1,1,3,0,2,5,-1,3,2,2
1626,0,55,53,12,12,1980,3,3,3,19,NA,1,1,0,1,5,-1,0.75,1,1
1627,1,26,24,12,12,2017,7,4,1,5,2,0,1,0,1,2,2,0,2,2
1628,0,37,46,12,13,NA,3,4,6,10,1,0,1,0,1,3,1,0,2,2
1629,0,41,40,17,14,1982,3,4,0,11,1,1,NA,NA,1,1,1,0,2,2
1630,0,27,26,16,16,2013,1,1,5,11,1,1,1,0,1,3,3,0,2,2
1631,0,59,64,20,16,1988,7,7,3,21,1,1,1,0,1,3,-1,4,2,2
1632,0,38,33,13,14,2003,6,3,5,16,1,1,1,0,2,5,1,0,2,2
1633,0,50,46,12,14,2003,4,4,25,13,1,1,1,0,1,3,-1,6,2,1
1634,0,31,32,17,16,2011,5,7,0,20,1,0,1,1,1,3,-1,6,2,2
1635,0,38,36,16,16,2002,7,7,0,16,1,1,1,0,1,4,-1,5,1,2
1636,0,27,28,11,12,2014,5,3,0,6,1,0,1,1,1,2,-1,4,1,2
1637,0,48,44,12,12,1992,6,3,10,16,1,1,2,0,1,2,-1,4,2,2
1638,0,67,68,12,12,1970,6,3,0,13,1,1,1,0,1,5,-1,0.75,2,2
1639,1,65,69,14,17,2011,6,5,3,10,2,0,1,0,2,4,2,0,2,2
1640,0,33,30,20,20,2006,3,6,5,20,1,1,1,0,2,3,-1,3,2,2
1641,0,22,21,12,12,2012,5,4,30,12,1,0,1,0,2,3,-1,2,2,2
1642,0,58,52,17,13,1991,1,1,0,16,1,1,1,0,1,5,-1,5,2,2
1643,0,35,36,13,12,2014,3,3,15,11,1,1,1,0,1,2,1,0,2,2
1644,0,54,48,13,16,NA,6,4,6,18,1,1,1,0,1,2,-1,6,1,2
1645,0,63,62,17,12,1975,3,3,2,7,1,1,1,0,1,4,-1,0.75,2,2
1646,0,35,34,14,16,2000,6,6,2,16,1,1,5,1,1,3,-1,0.25,2,2
1647,0,58,59,17,16,1981,3,1,1,18,1,1,1,0,1,-1,3,0,2,2
1648,1,62,63,12,12,2016,3,1,1,13,2,0,1,0,1,3,1,0,2,2
1649,1,49,51,16,16,2010,5,4,4,5,2,0,1,0,2,-1,2,0,2,2
1650,0,59,60,12,16,1982,7,4,0,14,1,1,1,0,2,5,-1,5,2,2
1651,0,27,27,17,17,2014,3,3,6,9,2,0,1,0,2,3,1,0,2,2
1652,0,40,42,12,9,2005,5,4,3,14,1,0,1,0,1,3,1,0,2,2
1653,0,54,55,16,16,2012,5,4,0,21,1,0,1,0,1,5,-1,6,2,2
1654,0,57,57,20,20,2004,7,7,3,21,2,0,1,0,1,2,2,0,2,2
1655,1,23,25,16,20,2016,7,4,2,13,2,0,1,0,1,5,-1,2,2,2
1656,0,58,64,16,13,2002,1,1,0,21,1,1,1,0,3,5,2,0,2,2
1657,0,70,72,14,16,1961,7,6,1,15,1,1,1,0,1,5,-1,0.25,2,2
1658,0,28,25,14,13,2007,3,3,0,12,1,1,1,0,1,2,1,0,2,2
1659,0,39,44,20,14,2016,7,7,5,16,1,0,1,0,1,2,2,0,2,2
1660,0,65,71,20,20,1972,1,6,2,14,1,1,3,1,1,5,-1,3,2,2
1661,0,57,59,16,12,1987,1,1,2,20,1,1,1,0,1,5,-1,6,2,2
1662,0,59,60,12,13,1979,2,1,0,18,1,1,1,0,1,3,1,0,2,2
1663,0,69,69,12,12,1962,1,3,0,8,1,1,1,0,1,1,-1,6,1,2
1664,1,54,53,16,16,1992,2,7,2,16,2,1,1,0,3,5,-1,7,1,2
1665,0,57,56,12,12,1976,6,6,5,16,1,1,1,0,1,3,-1,0.75,1,2
1666,0,26,30,14,12,2009,4,4,5,6,1,1,1,0,1,4,1,0,1,1
1667,0,55,64,17,16,1996,5,3,25,20,1,1,1,0,1,4,-1,6,2,2
1668,0,24,25,13,12,2015,7,5,4,1,1,0,5,1,1,2,3,0,2,2
1669,0,67,67,13,13,1990,7,4,4,15,1,1,1,0,2,-1,1,0,2,NA
1670,0,62,63,16,17,1990,7,7,6,16,1,1,1,1,1,5,-1,4,2,2
1671,0,63,54,13,13,1992,7,3,6,14,1,1,3,1,1,2,-1,7,2,1
1672,0,66,58,16,12,2010,1,3,0,18,1,1,1,0,2,4,-1,0.75,2,2
1673,0,61,74,12,16,1986,7,7,0,7,1,1,1,0,1,5,-1,5,2,2
1674,0,58,58,12,12,1974,6,6,6,15,1,1,1,0,1,3,1,0,2,2
1675,0,38,44,16,17,2009,3,3,0,11,1,1,1,1,1,4,-1,3,1,2
1676,0,36,26,14,12,2013,2,2,2,13,1,1,1,0,1,3,1,0,2,2
1677,0,33,32,12,14,1999,7,7,1,16,1,1,2,0,1,3,-1,3,1,2
1678,0,79,77,12,12,1958,7,7,1,14,1,1,1,0,1,5,-1,4,2,2
1679,0,32,32,16,17,2012,3,4,10,16,1,0,1,0,1,4,-1,0.25,2,2
1680,0,33,33,17,16,2005,3,4,9,11,1,1,1,0,1,4,-1,0.75,2,1
1681,0,28,28,16,20,2011,2,2,4,15,1,1,3,1,1,3,-1,3,2,2
1682,1,68,65,13,16,2009,7,6,0,16,1,1,1,0,3,5,1,0,2,2
1683,0,60,58,12,14,1974,5,5,9,8,1,1,1,0,2,5,-1,6,2,1
1684,0,18,18,13,12,2016,3,5,2,16,2,0,1,0,1,5,-1,2,2,2
1685,0,32,30,9,11,2012,5,4,3,1,1,1,1,0,1,1,1,0,2,2
1686,0,62,55,13,14,2017,1,5,0,21,2,0,3,1,2,-1,-1,3,2,2
1687,0,55,62,12,12,1998,7,7,3,16,1,1,2,0,1,4,1,0,2,2
1688,1,18,18,12,12,2016,7,4,8,4,2,0,2,0,2,3,1,0,2,2
1689,0,49,48,12,13,1988,3,4,12,14,1,1,1,0,1,3,-1,0.75,2,2
1690,0,51,39,16,13,2003,5,5,10,16,1,0,1,0,2,4,1,0,2,2
1691,1,65,33,13,16,2017,7,4,3,13,2,0,1,1,2,5,1,0,2,2
1692,0,55,48,16,16,2006,5,5,4,20,1,0,1,0,1,3,2,0,2,2
1693,0,64,65,16,17,1981,4,5,0,16,1,1,1,0,1,-1,-1,7,2,2
1694,0,45,51,12,13,2009,3,4,0,13,1,0,5,1,1,4,1,0,2,2
1695,0,64,70,14,16,1983,7,4,4,11,1,1,1,0,1,5,-1,7,2,2
1696,0,31,32,16,17,2007,7,6,0,14,1,1,1,1,1,5,-1,0.25,1,2
1697,0,58,62,12,17,1982,5,4,1,15,1,0,1,0,2,5,-1,6,2,2
1698,0,58,60,14,13,2003,6,5,2,14,1,1,1,0,1,5,-1,0.75,2,2
1699,0,41,45,12,12,1998,3,4,0,6,1,1,1,0,1,5,-1,4,2,1
1700,0,59,59,12,12,1975,1,3,10,11,1,1,1,0,2,5,2,0,1,2
1701,0,61,62,20,16,1981,6,7,0,16,1,1,1,1,1,3,-1,6,2,2
1702,1,36,47,12,14,2000,4,4,0,15,1,1,1,0,2,3,2,0,2,2
1703,0,34,28,12,13,2017,5,2,0,6,1,0,1,0,1,3,1,0,2,2
1704,0,67,67,10,12,1966,1,1,2,14,1,1,1,0,1,5,-1,0.75,2,2
1705,0,22,23,13,12,2014,7,4,1,13,2,0,1,0,1,2,-1,7,2,1
1706,0,52,53,12,12,2006,7,7,3,16,1,1,1,0,1,4,1,0,2,2
1707,1,34,38,12,13,2005,3,4,40,6,2,0,1,1,3,4,1,0,2,2
1708,1,21,17,13,11,2016,4,4,3,16,1,0,3,1,2,2,-1,0.75,1,2
1709,0,49,49,12,13,1985,3,3,0,16,1,1,3,1,1,-1,-1,0.75,2,2
1710,0,65,52,11,12,1986,5,6,3,12,1,1,1,0,2,3,3,0,2,2
1711,0,70,63,16,20,2000,3,6,0,17,1,1,1,0,1,5,-1,3,1,2
1712,0,50,58,17,17,1988,2,6,11,15,1,1,1,0,1,5,-1,6,2,2
1713,0,67,65,16,12,1981,1,1,2,12,1,1,1,0,2,5,-1,4,2,2
1714,0,20,27,12,5.5,2011,6,4,0,13,1,1,1,0,1,2,-1,NA,NA,NA
1715,0,24,28,14,13,2012,1,1,4,13,1,1,1,0,1,2,-1,6,2,2
1716,0,65,77,16,13,1987,1,1,0,12,1,1,1,0,1,5,-1,5,2,NA
